rodada;atleta_id;apelido;posicao;clube;escalacoes;pontos
1;68685;Alan Patrick;MEI;INT;46;3,00
1;51413;Walter;GOL;MIR;43;4,20
1;132553;Jemmes;ZAG;FLU;39;5,50
1;92854;Borré;ATA;INT;35;2,40
1;89837;Lucho Acosta;MEI;FLU;34;13,80
1;92696;Renato Kayzer;ATA;VIT;33;10,40
1;93411;Cantalapiedra;MEI;VIT;25;0,50
1;102928;Canobbio;ATA;FLU;24;5,70
1;104027;Rafael Guanaes;TEC;MIR;20;4,80
1;106708;Igor Formiga;LAT;MIR;19;4,00
1;111466;Victor Gabriel;ZAG;INT;19;3,00
1;115479;Paulo Pezzolano;TEC;INT;15;2,26
1;94968;Juninho Capixaba;LAT;RBB;15;16,20
1;110426;Bernabei;LAT;INT;13;1,00
1;111879;Mateus Silva;LAT;VIT;12;9,70
1;105664;Walter Clar;LAT;CHA;9;9,50
1;110759;John Kennedy;ATA;FLU;9;1,60
1;92180;Jair Ventura;TEC;VIT;8;9,26
1;113034;Freytes;ZAG;FLU;8;1,20
1;73384;Samuel Xavier;LAT;FLU;7;3,70
1;97460;João Victor;ZAG;MIR;7;1,50
1;101597;Ramon;LAT;VIT;7;4,70
1;101908;Willian Machado;ZAG;MIR;6;0,00
1;132071;Serna;ATA;FLU;5;0,50
1;100652;Yuri Alberto;ATA;COR;4;0,70
1;96793;Camutanga;ZAG;VIT;4;9,50
1;70360;Eduardo Sasha;ATA;RBB;4;3,90
1;126471;Barreal;MEI;SAN;4;12,60
1;90703;Matheuzinho;MEI;VIT;4;4,00
1;97906;Riccieli;ZAG;VIT;4;5,00
1;84816;Varela;LAT;FLA;4;6,70
1;142890;Montoro;MEI;BOT;4;5,80
1;105647;Maurício;MEI;PAL;3;-0,80
1;111246;Alix Vinicius;ZAG;RBB;3;3,40
1;107989;Carbonero;ATA;INT;3;0,50
1;110715;Andrés Hurtado;LAT;RBB;3;4,20
1;123648;Lucas Ronier;ATA;CFC;3;5,00
1;109096;Plata;ATA;FLA;3;10,60
1;113103;Flaco López;ATA;PAL;3;16,10
1;109336;Rafael Carvalheira;MEI;CHA;3;9,20
1;68708;Eduardo;MEI;MIR;3;7,00
1;78248;Gustavo Henrique;ZAG;COR;3;9,20
1;100987;Nonato;MEI;FLU;3;6,40
1;70449;Gabriel;GOL;VIT;2;6,80
1;78850;Reinaldo;LAT;MIR;2;0,80
1;112886;Lucas Barbosa;ATA;RBB;2;4,00
1;97642;Félix Torres;ZAG;INT;2;-0,10
1;68996;Willian José;ATA;BAH;2;9,50
1;97321;Alesson;ATA;MIR;2;9,70
1;99366;Luis Zubeldía;TEC;FLU;2;5,55
1;103445;Kaio Jorge;ATA;CRU;2;2,20
1;95332;Marcinho;ATA;CHA;2;1,60
1;107174;Bruno Tabata;MEI;INT;2;0,50
1;117632;Garro;MEI;COR;2;10,00
1;117403;Renato Marques;ATA;MIR;2;2,10
1;93790;Marlon Freitas;MEI;PAL;2;1,40
1;107093;Luciano Juba;LAT;BAH;2;6,20
1;139076;Filipe Luís;TEC;FLA;2;3,95
1;99552;Rossi;GOL;FLA;2;0,60
1;118775;Lautaro Díaz;ATA;SAN;2;5,80
1;90302;Pedro Rocha;ATA;CFC;2;2,80
1;102256;Rollheiser;MEI;SAN;2;2,50
1;95466;Igor Vinícius;LAT;SAN;2;5,50
1;92440;André Ramalho;ZAG;COR;1;0,00
1;106294;Marcos Antônio;MEI;SAO;1;7,50
1;39850;Vagner Mancini;TEC;RBB;1;8,07
1;103767;Gabriel Menino;MEI;SAN;1;16,70
1;97468;Marçal;LAT;BOT;1;8,00
1;80196;Yago Pikachu;MEI;REM;1;2,10
1;82455;Zé Rafael;MEI;SAN;1;7,90
1;104084;Carlos Miguel;GOL;PAL;1;-0,70
1;105949;Rochet;GOL;INT;1;1,80
1;125803;Pedro Morisco;GOL;CFC;1;11,70
1;68920;Dudu;ATA;CAM;1;2,50
1;94154;Maycon;MEI;CAM;1;2,50
1;101960;Vitinho;ATA;INT;1;1,90
1;109573;Martinelli;MEI;FLU;1;1,70
1;90532;Arthur Melo;MEI;GRE;1;5,70
1;101393;Eduardo Doma;ZAG;CHA;1;3,00
1;101254;Alef Manga;ATA;REM;1;0,90
1;145744;André;MEI;COR;1;6,50
1;105436;Carrascal;MEI;FLA;1;3,20
1;141868;Vini Lira;LAT;SAN;1;3,50
1;105531;Matheus Bidu;LAT;COR;1;5,10
1;99274;Alexander Barboza;ZAG;BOT;1;6,20
1;126977;Fernando Seabra;TEC;CFC;1;4,32
1;95556;Raniele;MEI;COR;1;11,40
1;82628;Tinga;LAT;CFC;1;5,00
1;132580;Vinicinho;ATA;RBB;1;0,00
1;94583;Pedro;ATA;FLA;1;6,40
1;97810;Erick;ATA;VIT;1;12,50
1;83257;Gabriel;ATA;SAN;1;0,00
1;102130;Piquerez;LAT;PAL;1;5,30
1;97520;Shaylon;MEI;MIR;1;0,00
1;87742;Neto Moura;MEI;MIR;1;0,50
1;117910;Breno Bidon;MEI;COR;1;14,70
1;110750;Gustavo Marques;ZAG;RBB;1;9,70
1;99440;Baralhas;MEI;VIT;1;10,90
1;110506;Abel Ferreira;TEC;PAL;1;3,66
1;104085;Bruno Fuchs;ZAG;PAL;1;0,00
2;103445;Kaio Jorge;ATA;CRU;43;4,90
2;105647;Maurício;MEI;PAL;38;11,70
2;105175;Khellven;LAT;PAL;36;2,60
2;116706;Andrés Gómez;ATA;VAS;31;13,10
2;96870;Emerson Royal;LAT;FLA;30;2,00
2;113103;Flaco López;ATA;PAL;29;4,90
2;142279;Nuno Moreira;MEI;VAS;28;2,90
2;51413;Walter;GOL;MIR;26;4,50
2;97653;Murilo;ZAG;PAL;23;16,00
2;72391;Fernando Diniz;TEC;VAS;23;5,73
2;122394;Gustavinho;MEI;RBB;18;12,20
2;104084;Carlos Miguel;GOL;PAL;16;3,40
2;105047;João Marcelo;ZAG;CRU;13;0,00
2;110750;Gustavo Marques;ZAG;RBB;13;9,00
2;104027;Rafael Guanaes;TEC;MIR;11;5,45
2;68899;Philippe Coutinho;MEI;VAS;11;11,40
2;102130;Piquerez;LAT;PAL;10;12,80
2;130048;Noriega;ZAG;GRE;7;4,00
2;114802;Vitor Roque;ATA;PAL;7;4,40
2;97460;João Victor;ZAG;MIR;6;4,40
2;86757;Everton;ATA;FLA;6;3,40
2;126977;Fernando Seabra;TEC;CFC;5;5,49
2;105584;Lucas Piton;LAT;VAS;4;4,30
2;104075;Sabino;ZAG;SAO;4;1,40
2;101908;Willian Machado;ZAG;MIR;4;6,00
2;110715;Andrés Hurtado;LAT;RBB;4;5,50
2;117330;Robert Renan;ZAG;VAS;4;0,90
2;80196;Yago Pikachu;MEI;REM;4;1,40
2;90768;Fabrício Bruno;ZAG;CRU;4;4,80
2;96610;Matheus Pereira;MEI;CRU;4;12,70
2;70360;Eduardo Sasha;ATA;RBB;3;1,00
2;112709;Kaiki Bruno;LAT;CRU;3;3,20
2;105990;Santiago Mingo;ZAG;BAH;3;0,20
2;99552;Rossi;GOL;FLA;3;2,90
2;45125;Tite;TEC;CRU;3;4,15
2;105563;Carlos Vinícius;ATA;GRE;3;24,10
2;112886;Lucas Barbosa;ATA;RBB;3;3,30
2;97095;Carlos Cuesta;ZAG;VAS;3;0,90
2;39850;Vagner Mancini;TEC;RBB;3;6,95
2;68708;Eduardo;MEI;MIR;3;2,50
2;122485;Barros;MEI;VAS;3;5,50
2;98517;Jean Lucas;MEI;BAH;3;2,40
2;83257;Gabriel;ATA;SAN;3;2,10
2;103056;Gabriel Brazão;GOL;SAN;3;1,60
2;105436;Carrascal;MEI;FLA;3;2,70
2;106708;Igor Formiga;LAT;MIR;3;7,70
2;97867;Léo Ortiz;ZAG;FLA;3;2,70
2;113034;Freytes;ZAG;FLU;3;1,00
2;98384;Negueba;ATA;MIR;2;5,50
2;73717;Juan Carlos Osorio;TEC;REM;2;5,85
2;110759;John Kennedy;ATA;FLU;2;11,90
2;89274;Andreas Pereira;MEI;PAL;2;16,50
2;89256;Gerson;MEI;CRU;2;4,00
2;97321;Alesson;ATA;MIR;2;4,50
2;109966;Monsalve;MEI;GRE;2;0,40
2;94067;Matheus Fernandes;MEI;RBB;2;2,80
2;104783;Acevedo;MEI;BAH;2;9,20
2;124481;Mateo Ponte;LAT;BOT;2;-0,80
2;90532;Arthur Melo;MEI;GRE;2;6,00
2;99228;De la Cruz;MEI;FLA;2;3,10
2;107873;Bobadilla;MEI;SAO;2;5,10
2;141451;Allan;MEI;PAL;2;12,20
2;101314;Ademir;ATA;BAH;2;3,30
2;89837;Lucho Acosta;MEI;FLU;2;4,40
2;100987;Nonato;MEI;FLU;2;4,20
2;102928;Canobbio;ATA;FLU;2;2,50
2;68996;Willian José;ATA;BAH;1;0,80
2;51772;Everton Ribeiro;MEI;BAH;1;1,80
2;80313;Gilberto;LAT;BAH;1;3,80
2;94930;Lucas Paquetá;MEI;FLA;1;5,60
2;89840;Calleri;ATA;SAO;1;11,00
2;110506;Abel Ferreira;TEC;PAL;1;10,45
2;78605;Gabriel;MEI;RBB;1;3,90
2;85403;Danielzinho;MEI;SAO;1;6,20
2;90285;Bruno Henrique;ATA;FLA;1;2,30
2;89273;João Pedro;LAT;GRE;1;1,40
2;82455;Zé Rafael;MEI;SAN;1;10,10
2;71684;Gustavo Gómez;ZAG;PAL;1;8,50
2;82730;Marcelo Rangel;GOL;REM;1;3,20
2;111246;Alix Vinicius;ZAG;RBB;1;4,40
2;92171;Arthur Cabral;ATA;BOT;1;8,90
2;97432;Victor Caetano;ZAG;CHA;1;5,00
2;87863;Arrascaeta;MEI;FLA;1;8,40
2;105214;Santi Rodríguez;MEI;BOT;1;0,00
2;91573;Arboleda;ZAG;SAO;1;3,60
2;83528;Léo Pereira;ZAG;FLA;1;-0,30
2;101254;Alef Manga;ATA;REM;1;16,10
2;107093;Luciano Juba;LAT;BAH;1;5,80
2;89275;William;LAT;CRU;1;1,90
2;104470;Everton;LAT;CHA;1;3,20
2;132071;Serna;ATA;FLU;1;2,50
2;95556;Raniele;MEI;COR;1;0,00
2;100652;Yuri Alberto;ATA;COR;1;0,00
2;132580;Vinicinho;ATA;RBB;1;0,00
2;82628;Tinga;LAT;CFC;1;3,20
2;109096;Plata;ATA;FLA;1;0,00
2;94583;Pedro;ATA;FLA;1;0,20
2;84816;Varela;LAT;FLA;1;-0,30
2;68685;Alan Patrick;MEI;INT;1;2,00
2;139076;Filipe Luís;TEC;FLA;1;3,26
2;97642;Félix Torres;ZAG;INT;1;0,00
2;91772;David Duarte;ZAG;BAH;1;4,30
2;100842;Ruan;ZAG;CAM;1;-0,60
2;99789;Brenner;ATA;VAS;1;8,90
2;93790;Marlon Freitas;MEI;PAL;1;1,20
2;78248;Gustavo Henrique;ZAG;COR;1;0,00
2;117910;Breno Bidon;MEI;COR;1;0,00
2;97520;Shaylon;MEI;MIR;1;0,00
2;87742;Neto Moura;MEI;MIR;1;0,00
2;78850;Reinaldo;LAT;MIR;1;2,00
2;97341;Rogério Ceni;TEC;BAH;1;4,72
2;42234;Cássio;GOL;CRU;1;-2,00
2;103295;Eric Ramires;MEI;RBB;1;0,00
2;122441;Kayky Almeida;ZAG;REM;1;1,50
3;39148;Hulk;ATA;CAM;43;14,70
3;70800;Jorge Sampaoli;TEC;OUT;36;6,61
3;89837;Lucho Acosta;MEI;FLU;34;10,60
3;96591;Renan Lodi;LAT;CAM;33;2,40
3;143193;Viveros;ATA;CAP;33;12,80
3;88312;Junior Alonso;ZAG;CAM;28;1,00
3;132553;Jemmes;ZAG;FLU;21;8,00
3;51413;Walter;GOL;MIR;20;0,60
3;68685;Alan Patrick;MEI;INT;16;2,80
3;68899;Philippe Coutinho;MEI;OUT;16;2,50
3;116034;Victor Hugo;MEI;CAM;15;7,70
3;100842;Ruan;ZAG;CAM;14;10,20
3;116706;Andrés Gómez;ATA;VAS;13;6,30
3;110668;Esquivel;LAT;CAP;13;5,70
3;110759;John Kennedy;ATA;FLU;11;7,60
3;125926;Zapelli;MEI;CAP;11;6,70
3;104084;Carlos Miguel;GOL;PAL;10;3,90
3;103445;Kaio Jorge;ATA;CRU;10;9,20
3;106302;Preciado;LAT;CAM;10;-0,30
3;85403;Danielzinho;MEI;SAO;9;1,80
3;72460;Bernard;MEI;CAM;8;0,00
3;78248;Gustavo Henrique;ZAG;COR;8;4,20
3;71043;Léo Vieira;GOL;CHA;8;-0,40
3;105647;Maurício;MEI;PAL;7;4,10
3;105664;Walter Clar;LAT;CHA;7;15,00
3;104075;Sabino;ZAG;SAO;6;10,00
3;89840;Calleri;ATA;SAO;6;12,30
3;100652;Yuri Alberto;ATA;COR;6;3,00
3;73481;Gilmar Dal Pozzo;TEC;CHA;5;6,49
3;122485;Barros;MEI;VAS;5;9,00
3;107985;Terán;ZAG;CAP;5;0,20
3;68920;Dudu;ATA;CAM;5;12,00
3;113113;Benavídez;LAT;CAP;5;-0,60
3;105531;Matheus Bidu;LAT;COR;5;19,00
3;114802;Vitor Roque;ATA;PAL;4;14,00
3;101727;Matheuzinho;LAT;COR;4;7,20
3;130843;Arthur Dias;ZAG;CAP;4;4,20
3;117910;Breno Bidon;MEI;COR;4;0,00
3;105584;Lucas Piton;LAT;VAS;3;-0,30
3;72294;Everson;GOL;CAM;3;0,90
3;73384;Samuel Xavier;LAT;FLU;3;5,40
3;106294;Marcos Antônio;MEI;SAO;3;0,90
3;109336;Rafael Carvalheira;MEI;CHA;3;1,50
3;80287;Luciano;ATA;SAO;3;3,00
3;101574;Hugo Souza;GOL;COR;3;15,90
3;106708;Igor Formiga;LAT;MIR;3;1,50
3;101908;Willian Machado;ZAG;MIR;3;2,70
3;132071;Serna;ATA;FLU;3;4,00
3;98384;Negueba;ATA;MIR;2;13,50
3;113103;Flaco López;ATA;PAL;2;-0,60
3;122394;Gustavinho;MEI;RBB;2;-0,10
3;142279;Nuno Moreira;MEI;VAS;2;0,80
3;130048;Noriega;ZAG;GRE;2;5,70
3;120433;Léo Derik;LAT;CAP;2;0,00
3;91101;Ronaldo;GOL;BAH;2;9,20
3;105175;Khellven;LAT;PAL;2;2,00
3;104027;Rafael Guanaes;TEC;MIR;2;3,75
3;92273;Odair Hellmann;TEC;CAP;2;6,25
3;97432;Victor Caetano;ZAG;CHA;2;2,40
3;68708;Eduardo;MEI;MIR;2;3,10
3;78850;Reinaldo;LAT;MIR;2;-1,00
3;145744;André;MEI;COR;2;0,00
3;126977;Fernando Seabra;TEC;CFC;2;5,51
3;107183;Léo Linck;GOL;BOT;2;0,00
3;113034;Freytes;ZAG;FLU;2;5,40
3;70360;Eduardo Sasha;ATA;RBB;1;0,00
3;105047;João Marcelo;ZAG;CRU;1;3,00
3;73717;Juan Carlos Osorio;TEC;REM;1;6,91
3;112709;Kaiki Bruno;LAT;CRU;1;3,70
3;99213;Puma Rodríguez;LAT;VAS;1;2,30
3;105300;Ferraresi;ZAG;SAO;1;6,50
3;85425;João Paulo;GOL;BAH;1;0,00
3;107231;Danilo;MEI;BOT;1;3,50
3;78445;Renê;LAT;FLU;1;9,20
3;70958;Jean Carlos;MEI;CHA;1;9,00
3;109966;Monsalve;MEI;GRE;1;0,00
3;97095;Carlos Cuesta;ZAG;VAS;1;2,30
3;96870;Emerson Royal;LAT;FLA;1;0,00
3;107989;Carbonero;ATA;INT;1;5,60
3;97653;Murilo;ZAG;PAL;1;-0,30
3;105563;Carlos Vinícius;ATA;GRE;1;0,70
3;90031;Mendoza;ATA;CAP;1;2,80
3;101393;Eduardo Doma;ZAG;CHA;1;8,50
3;70164;Lucas Moura;MEI;SAO;1;8,50
3;69208;Gabriel Paulista;ZAG;COR;1;16,60
3;142890;Montoro;MEI;BOT;1;0,90
3;132580;Vinicinho;ATA;RBB;1;0,50
3;82628;Tinga;LAT;CFC;1;3,00
3;95556;Raniele;MEI;COR;1;0,00
3;100987;Nonato;MEI;FLU;1;0,00
3;96610;Matheus Pereira;MEI;CRU;1;2,40
3;89274;Andreas Pereira;MEI;PAL;1;14,90
3;87742;Neto Moura;MEI;MIR;1;0,40
3;83257;Gabriel;ATA;SAN;1;0,00
3;102130;Piquerez;LAT;PAL;1;6,20
3;102928;Canobbio;ATA;FLU;1;1,00
3;97520;Shaylon;MEI;MIR;1;0,00
3;93790;Marlon Freitas;MEI;PAL;1;2,70
3;115479;Paulo Pezzolano;TEC;INT;1;4,89
3;68928;Rafael;GOL;SAO;1;6,30
3;109573;Martinelli;MEI;FLU;1;4,70
3;117965;Martín Anselmi;TEC;BOT;1;3,85
3;131832;Portilla;MEI;CAP;1;0,90
4;97653;Murilo;ZAG;PAL;37;3,90
4;68685;Alan Patrick;MEI;INT;35;10,80
4;39850;Vagner Mancini;TEC;RBB;35;3,15
4;113103;Flaco López;ATA;PAL;30;1,60
4;122394;Gustavinho;MEI;RBB;28;5,90
4;94968;Juninho Capixaba;LAT;RBB;27;14,70
4;105175;Khellven;LAT;PAL;27;1,60
4;103445;Kaio Jorge;ATA;CRU;26;1,40
4;63007;Neymar;MEI;SAN;23;19,20
4;130048;Noriega;ZAG;GRE;21;15,70
4;105563;Carlos Vinícius;ATA;GRE;19;0,20
4;105647;Maurício;MEI;PAL;19;-0,30
4;101254;Alef Manga;ATA;REM;15;10,10
4;103056;Gabriel Brazão;GOL;SAN;13;-0,70
4;114802;Vitor Roque;ATA;PAL;11;21,20
4;95466;Igor Vinícius;LAT;SAN;10;10,00
4;104084;Carlos Miguel;GOL;PAL;9;6,80
4;92854;Borré;ATA;INT;9;2,90
4;87225;Pedro Henrique;ZAG;RBB;9;0,20
4;112709;Kaiki Bruno;LAT;CRU;9;2,20
4;90768;Fabrício Bruno;ZAG;CRU;8;1,50
4;107183;Léo Linck;GOL;BOT;8;0,00
4;108469;Adonis Frías;ZAG;SAN;7;0,00
4;110715;Andrés Hurtado;LAT;RBB;7;2,30
4;85425;João Paulo;GOL;BAH;6;0,00
4;96610;Matheus Pereira;MEI;CRU;6;11,10
4;141754;Gabriel Bontempo;MEI;SAN;6;2,40
4;112886;Lucas Barbosa;ATA;RBB;5;7,40
4;126977;Fernando Seabra;TEC;CFC;5;4,06
4;102130;Piquerez;LAT;PAL;5;2,40
4;87552;Vitor Bueno;MEI;REM;5;1,40
4;115479;Paulo Pezzolano;TEC;INT;4;5,18
4;89840;Calleri;ATA;SAO;4;2,70
4;82730;Marcelo Rangel;GOL;REM;4;2,90
4;93882;Cleiton;GOL;RBB;4;2,90
4;91607;Rony;ATA;SAN;3;2,20
4;89274;Andreas Pereira;MEI;PAL;3;1,10
4;70360;Eduardo Sasha;ATA;RBB;3;2,10
4;123648;Lucas Ronier;ATA;CFC;3;11,40
4;91706;Marlon;LAT;GRE;3;17,90
4;107989;Carbonero;ATA;INT;2;1,20
4;110426;Bernabei;LAT;INT;2;6,30
4;111246;Alix Vinicius;ZAG;RBB;2;-4,80
4;71631;Weverton;GOL;GRE;2;0,30
4;83257;Gabriel;ATA;SAN;2;0,00
4;93988;Breno Lopes;ATA;CFC;2;2,50
4;73717;Juan Carlos Osorio;TEC;OUT;2;4,29
4;103767;Gabriel Menino;MEI;SAN;2;0,90
4;84847;Luan Peres;ZAG;SAN;2;2,00
4;143193;Viveros;ATA;CAP;2;4,80
4;108588;Tapia;ATA;SAO;2;2,70
4;132553;Jemmes;ZAG;FLU;2;0,00
4;89837;Lucho Acosta;MEI;FLU;2;11,70
4;100652;Yuri Alberto;ATA;COR;2;0,00
4;78248;Gustavo Henrique;ZAG;COR;2;0,00
4;101908;Willian Machado;ZAG;MIR;2;0,00
4;82628;Tinga;LAT;CFC;2;1,50
4;51413;Walter;GOL;MIR;2;0,00
4;124239;Henry Mosquera;ATA;RBB;2;3,00
4;142004;Amuzu;ATA;GRE;1;5,40
4;106294;Marcos Antônio;MEI;SAO;1;2,00
4;102911;Zé Ricardo;MEI;REM;1;2,00
4;42500;Fagner;LAT;CRU;1;0,00
4;97878;Jacy;ZAG;CFC;1;2,50
4;72951;Mercado;ZAG;INT;1;1,00
4;107873;Bobadilla;MEI;SAO;1;0,00
4;70666;Marllon;ZAG;REM;1;4,20
4;113125;Picco;MEI;REM;1;11,20
4;104075;Sabino;ZAG;SAO;1;0,00
4;42234;Cássio;GOL;CRU;1;0,80
4;70164;Lucas Moura;MEI;SAO;1;0,00
4;89256;Gerson;MEI;CRU;1;3,40
4;103912;Hernán Crespo;TEC;OUT;1;6,90
4;110668;Esquivel;LAT;CAP;1;2,40
4;125926;Zapelli;MEI;CAP;1;-0,30
4;89883;Dodi;MEI;GRE;1;0,00
4;123360;Cauly;MEI;SAO;1;9,50
4;39148;Hulk;ATA;CAM;1;5,30
4;71043;Léo Vieira;GOL;CHA;1;0,00
4;105531;Matheus Bidu;LAT;COR;1;0,00
4;85403;Danielzinho;MEI;SAO;1;0,00
4;70800;Jorge Sampaoli;TEC;OUT;1;0,00
4;145744;André;MEI;COR;1;4,00
4;101727;Matheuzinho;LAT;COR;1;0,00
4;132580;Vinicinho;ATA;RBB;1;0,00
4;68708;Eduardo;MEI;MIR;1;0,00
4;106708;Igor Formiga;LAT;MIR;1;0,00
4;100987;Nonato;MEI;FLU;1;0,00
4;95556;Raniele;MEI;COR;1;2,00
4;132071;Serna;ATA;FLU;1;0,90
4;113034;Freytes;ZAG;FLU;1;2,40
4;89273;João Pedro;LAT;GRE;1;1,20
4;146040;João Pedro;ATA;REM;1;2,20
4;122485;Barros;MEI;VAS;1;17,00
4;107172;Patrick de Paula;MEI;REM;1;3,80
4;113113;Benavídez;LAT;CAP;1;6,70
4;101960;Vitinho;ATA;INT;1;8,20
4;71684;Gustavo Gómez;ZAG;PAL;1;2,20
4;104027;Rafael Guanaes;TEC;MIR;1;0,00
4;102928;Canobbio;ATA;FLU;1;0,00
4;93790;Marlon Freitas;MEI;PAL;1;-1,60
4;87742;Neto Moura;MEI;MIR;1;0,00
4;78850;Reinaldo;LAT;MIR;1;0,00
4;117910;Breno Bidon;MEI;COR;1;0,20
4;97520;Shaylon;MEI;MIR;1;0,00
4;84626;Josué;MEI;CFC;1;3,80
4;84558;Lucas Romero;MEI;CRU;1;0,70
4;45125;Tite;TEC;CRU;1;2,58
4;125488;João Pedro;ZAG;COR;1;8,90
4;111309;Gustavo Martins;ZAG;GRE;1;-0,30
5;89840;Calleri;ATA;SAO;44;12,10
5;70164;Lucas Moura;MEI;SAO;42;1,80
5;104075;Sabino;ZAG;SAO;34;5,60
5;82775;Lucas Ramon;LAT;SAO;29;11,20
5;80287;Luciano;ATA;SAO;28;9,80
5;117632;Garro;MEI;COR;28;1,10
5;79437;Roger Machado;TEC;SAO;27;9,87
5;105563;Carlos Vinícius;ATA;GRE;24;12,70
5;84816;Varela;LAT;FLA;22;5,00
5;99552;Rossi;GOL;FLA;21;10,70
5;89837;Lucho Acosta;MEI;FLU;19;6,40
5;125467;Viery;ZAG;GRE;16;1,70
5;78248;Gustavo Henrique;ZAG;COR;12;3,60
5;71631;Weverton;GOL;GRE;11;6,80
5;104758;Enzo Díaz;LAT;SAO;10;0,00
5;39148;Hulk;ATA;CAM;9;8,20
5;107093;Luciano Juba;LAT;BAH;9;2,40
5;98517;Jean Lucas;MEI;BAH;9;11,90
5;68996;Willian José;ATA;BAH;9;2,70
5;130048;Noriega;ZAG;GRE;7;3,20
5;107873;Bobadilla;MEI;SAO;7;13,00
5;37457;Léo Condé;TEC;REM;7;2,96
5;101727;Matheuzinho;LAT;COR;7;0,20
5;126977;Fernando Seabra;TEC;CFC;6;8,79
5;116034;Victor Hugo;MEI;CAM;6;3,50
5;94583;Pedro;ATA;FLA;6;19,40
5;104084;Carlos Miguel;GOL;PAL;6;3,20
5;145744;André;MEI;COR;6;3,10
5;99366;Luis Zubeldía;TEC;FLU;5;9,15
5;111309;Gustavo Martins;ZAG;GRE;5;1,70
5;87863;Arrascaeta;MEI;FLA;5;9,30
5;68685;Alan Patrick;MEI;INT;4;2,20
5;122394;Gustavinho;MEI;RBB;4;1,20
5;85403;Danielzinho;MEI;SAO;4;3,60
5;105990;Santiago Mingo;ZAG;BAH;4;-1,60
5;132553;Jemmes;ZAG;FLU;4;9,20
5;109401;Erick Pulga;ATA;BAH;4;1,50
5;91908;Pavón;ATA;GRE;3;3,00
5;104257;João Lucas;LAT;REM;3;6,20
5;68928;Rafael;GOL;SAO;3;6,30
5;104085;Bruno Fuchs;ZAG;PAL;3;1,50
5;102928;Canobbio;ATA;FLU;3;14,20
5;85048;Memphis Depay;ATA;COR;3;-0,10
5;101254;Alef Manga;ATA;REM;3;1,00
5;105531;Matheus Bidu;LAT;COR;3;5,40
5;117910;Breno Bidon;MEI;COR;3;1,70
5;82730;Marcelo Rangel;GOL;REM;3;4,50
5;100842;Ruan;ZAG;CAM;3;4,50
5;99889;Alan Franco;ZAG;SAO;3;6,20
5;97653;Murilo;ZAG;PAL;2;0,00
5;105175;Khellven;LAT;PAL;2;4,40
5;105373;Gabriel Xavier;ZAG;BAH;2;2,70
5;106294;Marcos Antônio;MEI;SAO;2;8,70
5;99815;Arias;MEI;PAL;2;10,70
5;40990;Dorival Júnior;TEC;COR;2;2,37
5;124661;Iván Román;ZAG;CAM;2;8,60
5;96591;Renan Lodi;LAT;CAM;2;7,70
5;98909;Cuello;ATA;CAM;2;11,80
5;110759;John Kennedy;ATA;FLU;2;13,90
5;87999;Gustavo Scarpa;MEI;CAM;2;1,30
5;95555;Sávio;LAT;REM;2;2,90
5;115479;Paulo Pezzolano;TEC;INT;1;3,62
5;142004;Amuzu;ATA;GRE;1;0,00
5;107989;Carbonero;ATA;INT;1;8,50
5;94968;Juninho Capixaba;LAT;RBB;1;7,20
5;103056;Gabriel Brazão;GOL;SAN;1;0,00
5;105647;Maurício;MEI;PAL;1;0,00
5;146040;João Pedro;ATA;REM;1;-0,50
5;110708;Pedro Rangel;GOL;CFC;1;6,80
5;61987;Alex Sandro;LAT;FLA;1;4,90
5;103912;Hernán Crespo;TEC;OUT;1;0,00
5;113125;Picco;MEI;REM;1;0,50
5;113103;Flaco López;ATA;PAL;1;8,00
5;132412;Román Gómez;LAT;BAH;1;0,00
5;128433;Johan Rojas;MEI;VAS;1;0,90
5;69208;Gabriel Paulista;ZAG;COR;1;5,50
5;110715;Andrés Hurtado;LAT;RBB;1;8,10
5;123648;Lucas Ronier;ATA;CFC;1;17,50
5;131516;JP Chermont;LAT;CFC;1;5,70
5;87008;Léo Jardim;GOL;VAS;1;1,60
5;91706;Marlon;LAT;GRE;1;2,40
5;95556;Raniele;MEI;COR;1;0,00
5;101908;Willian Machado;ZAG;MIR;1;0,00
5;100652;Yuri Alberto;ATA;COR;1;0,00
5;82628;Tinga;LAT;CFC;1;0,00
5;132071;Serna;ATA;FLU;1;-0,30
5;100987;Nonato;MEI;FLU;1;0,00
5;113034;Freytes;ZAG;FLU;1;6,20
5;106708;Igor Formiga;LAT;MIR;1;0,00
5;68708;Eduardo;MEI;MIR;1;0,00
5;51413;Walter;GOL;MIR;1;0,00
5;132580;Vinicinho;ATA;RBB;1;0,00
5;39656;Alan Franco;MEI;CAM;1;3,90
5;123625;Ítalo;ATA;CHA;1;2,00
5;101574;Hugo Souza;GOL;COR;1;-1,70
5;102130;Piquerez;LAT;PAL;1;0,00
5;113157;Nathan Mendes;LAT;VIT;1;2,20
5;110506;Abel Ferreira;TEC;PAL;1;4,32
5;109966;Monsalve;MEI;GRE;1;0,50
5;84339;Bruno Melo;LAT;CFC;1;5,50
5;104118;Lucas Arcanjo;GOL;VIT;1;10,50
6;89837;Lucho Acosta;MEI;FLU;42;6,30
6;113103;Flaco López;ATA;PAL;41;12,70
6;123648;Lucas Ronier;ATA;CFC;32;3,70
6;96610;Matheus Pereira;MEI;CRU;27;2,30
6;68685;Alan Patrick;MEI;INT;26;2,50
6;102928;Canobbio;ATA;FLU;25;10,40
6;89275;William;LAT;CRU;23;5,70
6;126977;Fernando Seabra;TEC;CFC;21;7,16
6;102130;Piquerez;LAT;PAL;18;5,50
6;104085;Bruno Fuchs;ZAG;PAL;17;4,40
6;113034;Freytes;ZAG;FLU;16;0,20
6;132553;Jemmes;ZAG;FLU;16;0,00
6;130048;Noriega;ZAG;GRE;13;-1,50
6;99815;Arias;MEI;PAL;13;6,40
6;110426;Bernabei;LAT;INT;12;6,50
6;110708;Pedro Rangel;GOL;CFC;11;6,30
6;105563;Carlos Vinícius;ATA;GRE;10;0,80
6;71684;Gustavo Gómez;ZAG;PAL;10;5,80
6;112709;Kaiki Bruno;LAT;CRU;9;12,00
6;111690;Matheus Cunha;GOL;CRU;9;-0,40
6;110506;Abel Ferreira;TEC;PAL;9;7,57
6;90302;Pedro Rocha;ATA;CFC;8;8,90
6;73384;Samuel Xavier;LAT;FLU;8;4,80
6;104084;Carlos Miguel;GOL;PAL;8;7,10
6;102906;Anderson;GOL;CHA;7;0,00
6;84626;Josué;MEI;CFC;6;1,20
6;92696;Renato Kayzer;ATA;VIT;5;6,90
6;99366;Luis Zubeldía;TEC;FLU;5;7,25
6;99552;Rossi;GOL;FLA;5;6,80
6;45125;Tite;TEC;OUT;5;6,70
6;98672;Savarino;MEI;FLU;5;10,60
6;104075;Sabino;ZAG;SAO;5;10,40
6;89840;Calleri;ATA;SAO;5;8,80
6;88393;Ayrton Lucas;LAT;FLA;4;5,90
6;71227;Maicon;ZAG;CFC;4;5,00
6;90768;Fabrício Bruno;ZAG;CRU;4;1,30
6;73481;Gilmar Dal Pozzo;TEC;CHA;4;3,85
6;63007;Neymar;MEI;SAN;4;3,70
6;125467;Viery;ZAG;GRE;4;-1,60
6;122394;Gustavinho;MEI;RBB;4;3,60
6;94583;Pedro;ATA;FLA;4;11,80
6;115479;Paulo Pezzolano;TEC;INT;3;2,74
6;84339;Bruno Melo;LAT;CFC;3;8,00
6;131516;JP Chermont;LAT;CFC;3;13,00
6;103523;Ignácio;ZAG;FLU;3;9,30
6;89274;Andreas Pereira;MEI;PAL;3;0,00
6;83257;Gabriel;ATA;SAN;3;9,40
6;145744;André;MEI;COR;3;2,20
6;110759;John Kennedy;ATA;FLU;2;3,80
6;85403;Danielzinho;MEI;SAO;2;5,50
6;94968;Juninho Capixaba;LAT;RBB;2;3,60
6;116034;Victor Hugo;MEI;CAM;2;0,00
6;42234;Cássio;GOL;CRU;2;0,00
6;92854;Borré;ATA;INT;2;2,10
6;101727;Matheuzinho;LAT;COR;2;6,00
6;117632;Garro;MEI;COR;2;1,60
6;70164;Lucas Moura;MEI;SAO;2;1,60
6;90703;Matheuzinho;MEI;VIT;2;1,80
6;96591;Renan Lodi;LAT;CAM;2;7,60
6;106593;Villalba;ZAG;CRU;2;0,50
6;109127;Tiago Cóser;ZAG;CFC;2;4,70
6;84816;Varela;LAT;FLA;2;9,90
6;78248;Gustavo Henrique;ZAG;COR;2;1,40
6;93988;Breno Lopes;ATA;CFC;2;0,10
6;98517;Jean Lucas;MEI;BAH;2;4,50
6;89256;Gerson;MEI;CRU;1;2,20
6;122318;Dyogo Alves;GOL;FLA;1;0,00
6;105664;Walter Clar;LAT;CHA;1;8,20
6;101393;Eduardo Doma;ZAG;CHA;1;1,80
6;40990;Dorival Júnior;TEC;COR;1;4,45
6;80287;Luciano;ATA;SAO;1;1,20
6;61987;Alex Sandro;LAT;FLA;1;11,20
6;113125;Picco;MEI;REM;1;1,90
6;82775;Lucas Ramon;LAT;SAO;1;6,70
6;103912;Hernán Crespo;TEC;OUT;1;0,00
6;50742;Gabriel Leite;GOL;CFC;1;0,00
6;110750;Gustavo Marques;ZAG;RBB;1;1,20
6;124526;Giay;LAT;PAL;1;9,70
6;96793;Camutanga;ZAG;VIT;1;5,00
6;99440;Baralhas;MEI;VIT;1;12,50
6;125803;Pedro Morisco;GOL;CFC;1;0,00
6;95556;Raniele;MEI;COR;1;4,20
6;101908;Willian Machado;ZAG;MIR;1;3,50
6;106708;Igor Formiga;LAT;MIR;1;4,70
6;100652;Yuri Alberto;ATA;COR;1;0,00
6;132071;Serna;ATA;FLU;1;1,50
6;68708;Eduardo;MEI;MIR;1;0,00
6;51413;Walter;GOL;MIR;1;2,90
6;82628;Tinga;LAT;CFC;1;0,00
6;100987;Nonato;MEI;FLU;1;0,00
6;132580;Vinicinho;ATA;RBB;1;2,50
6;98909;Cuello;ATA;CAM;1;1,10
6;87999;Gustavo Scarpa;MEI;CAM;1;1,20
6;109401;Erick Pulga;ATA;BAH;1;3,90
6;37457;Léo Condé;TEC;REM;1;2,30
6;91908;Pavón;ATA;GRE;1;1,70
6;68928;Rafael;GOL;SAO;1;1,60
6;93790;Marlon Freitas;MEI;PAL;1;1,50
6;101597;Ramon;LAT;VIT;1;7,90
6;110715;Andrés Hurtado;LAT;RBB;1;0,00
6;101574;Hugo Souza;GOL;COR;1;4,20
6;109573;Martinelli;MEI;FLU;1;1,70
6;141451;Allan;MEI;PAL;1;3,20
6;103056;Gabriel Brazão;GOL;SAN;1;2,90
6;71631;Weverton;GOL;GRE;1;-1,00
6;101254;Alef Manga;ATA;REM;1;1,60
7;87863;Arrascaeta;MEI;FLA;40;8,00
7;113103;Flaco López;ATA;PAL;37;5,60
7;104027;Rafael Guanaes;TEC;MIR;31;2,17
7;94583;Pedro;ATA;FLA;28;0,00
7;125467;Viery;ZAG;GRE;20;5,30
7;105647;Maurício;MEI;PAL;18;2,40
7;103056;Gabriel Brazão;GOL;SAN;17;5,80
7;107093;Luciano Juba;LAT;BAH;16;13,50
7;98517;Jean Lucas;MEI;BAH;15;8,20
7;98873;Samuel Lino;ATA;FLA;14;10,40
7;84816;Varela;LAT;FLA;13;5,80
7;130048;Noriega;ZAG;GRE;13;6,70
7;63007;Neymar;MEI;SAN;13;9,40
7;97653;Murilo;ZAG;PAL;12;5,40
7;99815;Arias;MEI;PAL;12;17,30
7;101908;Willian Machado;ZAG;MIR;12;0,20
7;143193;Viveros;ATA;CAP;12;11,20
7;106708;Igor Formiga;LAT;MIR;11;0,00
7;145404;Arthur;LAT;PAL;11;2,90
7;89837;Lucho Acosta;MEI;FLU;11;11,50
7;124526;Giay;LAT;PAL;11;5,90
7;132553;Jemmes;ZAG;FLU;9;-0,30
7;68996;Willian José;ATA;BAH;8;5,20
7;104084;Carlos Miguel;GOL;PAL;8;1,60
7;96870;Emerson Royal;LAT;FLA;8;6,10
7;83257;Gabriel;ATA;SAN;7;1,40
7;111690;Matheus Cunha;GOL;CRU;7;0,60
7;51413;Walter;GOL;MIR;7;2,90
7;87887;Balbuena;ZAG;GRE;6;8,50
7;88963;Leonardo Jardim;TEC;FLA;6;9,36
7;116706;Andrés Gómez;ATA;VAS;5;10,00
7;88393;Ayrton Lucas;LAT;FLA;5;6,20
7;94930;Lucas Paquetá;MEI;FLA;5;2,20
7;97867;Léo Ortiz;ZAG;FLA;5;13,00
7;73481;Gilmar Dal Pozzo;TEC;CHA;4;4,57
7;109401;Erick Pulga;ATA;BAH;4;4,10
7;91706;Marlon;LAT;GRE;4;9,50
7;105373;Gabriel Xavier;ZAG;BAH;4;5,00
7;91101;Ronaldo;GOL;BAH;4;8,90
7;105990;Santiago Mingo;ZAG;BAH;4;5,00
7;125746;Dudu;MEI;CAP;4;0,50
7;110668;Esquivel;LAT;CAP;4;-0,50
7;99552;Rossi;GOL;FLA;4;6,30
7;109966;Monsalve;MEI;GRE;3;0,20
7;142004;Amuzu;ATA;GRE;3;11,50
7;105664;Walter Clar;LAT;CHA;3;7,70
7;98672;Savarino;MEI;FLU;3;0,40
7;78445;Renê;LAT;FLU;3;3,50
7;104754;Juan Vojvoda;TEC;OUT;3;3,74
7;84626;Josué;MEI;CFC;3;0,50
7;130843;Arthur Dias;ZAG;CAP;3;1,70
7;98384;Negueba;ATA;MIR;3;1,70
7;105563;Carlos Vinícius;ATA;GRE;3;-0,30
7;100652;Yuri Alberto;ATA;COR;3;1,20
7;85403;Danielzinho;MEI;SAO;2;1,70
7;90031;Mendoza;ATA;CAP;2;10,00
7;141451;Allan;MEI;PAL;2;11,60
7;71631;Weverton;GOL;GRE;2;10,00
7;114802;Vitor Roque;ATA;PAL;2;2,10
7;104783;Acevedo;MEI;BAH;2;1,80
7;78850;Reinaldo;LAT;MIR;2;0,00
7;113397;Cristian Olivera;ATA;BAH;2;8,40
7;95620;Bruno Leonardo;ZAG;CHA;2;5,00
7;117910;Breno Bidon;MEI;COR;2;2,00
7;102928;Canobbio;ATA;FLU;2;16,20
7;97460;João Victor;ZAG;MIR;2;0,00
7;101393;Eduardo Doma;ZAG;CHA;2;4,40
7;110759;John Kennedy;ATA;FLU;2;2,40
7;123648;Lucas Ronier;ATA;CFC;2;2,00
7;88037;Luís Castro;TEC;GRE;2;7,61
7;145744;André;MEI;COR;2;2,70
7;101727;Matheuzinho;LAT;COR;2;4,70
7;106822;Rodrigo Nestor;MEI;BAH;2;-1,30
7;110506;Abel Ferreira;TEC;PAL;2;7,91
7;39148;Hulk;ATA;CAM;2;3,90
7;102667;Nathan Fogaça;ATA;MIR;1;0,70
7;70164;Lucas Moura;MEI;SAO;1;0,50
7;71536;Luiz Gustavo;MEI;CAP;1;1,40
7;89274;Andreas Pereira;MEI;PAL;1;12,80
7;97878;Jacy;ZAG;CFC;1;12,20
7;118563;Rodriguinho;MEI;RBB;1;2,90
7;131832;Portilla;MEI;CAP;1;3,10
7;113113;Benavídez;LAT;CAP;1;3,70
7;89275;William;LAT;CRU;1;0,40
7;109573;Martinelli;MEI;FLU;1;2,80
7;142279;Nuno Moreira;MEI;VAS;1;9,70
7;116034;Victor Hugo;MEI;CAM;1;1,50
7;71684;Gustavo Gómez;ZAG;PAL;1;3,40
7;89840;Calleri;ATA;SAO;1;3,60
7;84042;Tiquinho Soares;ATA;MIR;1;3,10
7;131516;JP Chermont;LAT;CFC;1;6,50
7;145400;Cauê;LAT;RBB;1;5,50
7;91607;Rony;ATA;SAN;1;1,00
7;95556;Raniele;MEI;COR;1;-0,30
7;113034;Freytes;ZAG;FLU;1;0,00
7;82628;Tinga;LAT;CFC;1;0,00
7;126977;Fernando Seabra;TEC;CFC;1;7,77
7;100987;Nonato;MEI;FLU;1;0,00
7;68708;Eduardo;MEI;MIR;1;0,00
7;132071;Serna;ATA;FLU;1;0,50
7;132580;Vinicinho;ATA;RBB;1;4,20
7;124661;Iván Román;ZAG;CAM;1;15,80
7;107989;Carbonero;ATA;INT;1;8,30
7;110708;Pedro Rangel;GOL;CFC;1;12,00
7;126471;Barreal;MEI;SAN;1;1,80
7;104075;Sabino;ZAG;SAO;1;0,90
7;92180;Jair Ventura;TEC;VIT;1;1,48
7;80287;Luciano;ATA;SAO;1;2,00
7;83528;Léo Pereira;ZAG;FLA;1;3,60
7;87742;Neto Moura;MEI;MIR;1;5,80
7;108469;Adonis Frías;ZAG;SAN;1;2,00
8;89837;Lucho Acosta;MEI;FLU;41;3,50
8;116706;Andrés Gómez;ATA;VAS;39;8,30
8;132553;Jemmes;ZAG;FLU;36;3,70
8;102928;Canobbio;ATA;FLU;34;5,90
8;96610;Matheus Pereira;MEI;CRU;34;-1,10
8;115479;Paulo Pezzolano;TEC;INT;33;9,00
8;68685;Alan Patrick;MEI;INT;29;12,50
8;116065;Cuiabano;LAT;VAS;29;12,00
8;94968;Juninho Capixaba;LAT;RBB;24;3,50
8;94583;Pedro;ATA;FLA;20;6,10
8;105949;Rochet;GOL;INT;18;5,00
8;97642;Félix Torres;ZAG;INT;13;6,70
8;90768;Fabrício Bruno;ZAG;CRU;11;5,50
8;111466;Victor Gabriel;ZAG;INT;11;5,00
8;107093;Luciano Juba;LAT;BAH;10;-2,10
8;111690;Matheus Cunha;GOL;CRU;9;6,30
8;98517;Jean Lucas;MEI;BAH;9;5,70
8;99815;Arias;MEI;PAL;9;9,00
8;99366;Luis Zubeldía;TEC;FLU;9;7,35
8;143193;Viveros;ATA;CAP;8;11,00
8;112709;Kaiki Bruno;LAT;CRU;8;7,50
8;98672;Savarino;MEI;FLU;7;7,20
8;37656;Fábio;GOL;FLU;6;10,20
8;92854;Borré;ATA;INT;6;4,50
8;114802;Vitor Roque;ATA;PAL;6;3,00
8;113103;Flaco López;ATA;PAL;5;6,50
8;92696;Renato Kayzer;ATA;VIT;5;2,10
8;91101;Ronaldo;GOL;BAH;4;2,60
8;104027;Rafael Guanaes;TEC;MIR;4;3,61
8;104084;Carlos Miguel;GOL;PAL;4;5,80
8;110668;Esquivel;LAT;CAP;4;6,20
8;107989;Carbonero;ATA;INT;4;1,40
8;106708;Igor Formiga;LAT;MIR;3;5,40
8;113113;Benavídez;LAT;CAP;3;11,40
8;104075;Sabino;ZAG;SAO;3;4,40
8;72951;Mercado;ZAG;INT;3;13,00
8;89275;William;LAT;CRU;3;5,10
8;110750;Gustavo Marques;ZAG;RBB;3;4,20
8;97653;Murilo;ZAG;PAL;2;5,20
8;105647;Maurício;MEI;PAL;2;-0,10
8;89840;Calleri;ATA;SAO;2;1,90
8;123869;Aguirre;ZAG;CAP;2;6,50
8;112886;Lucas Barbosa;ATA;RBB;2;15,20
8;101727;Matheuzinho;LAT;COR;2;2,70
8;100652;Yuri Alberto;ATA;COR;2;10,90
8;98022;Erick;MEI;BAH;2;3,00
8;101597;Ramon;LAT;VIT;2;5,30
8;113034;Freytes;ZAG;FLU;2;8,60
8;99440;Baralhas;MEI;VIT;2;8,20
8;69012;Santos;GOL;CAP;2;6,30
8;91706;Marlon;LAT;GRE;1;0,00
8;83257;Gabriel;ATA;SAN;1;0,00
8;73481;Gilmar Dal Pozzo;TEC;CHA;1;2,40
8;109966;Monsalve;MEI;GRE;1;0,00
8;109401;Erick Pulga;ATA;BAH;1;2,40
8;142004;Amuzu;ATA;GRE;1;0,80
8;85403;Danielzinho;MEI;SAO;1;1,90
8;103056;Gabriel Brazão;GOL;SAN;1;8,90
8;107231;Danilo;MEI;BOT;1;8,20
8;90302;Pedro Rocha;ATA;CFC;1;0,50
8;105300;Ferraresi;ZAG;BOT;1;3,00
8;99552;Rossi;GOL;FLA;1;0,30
8;85425;João Paulo;GOL;BAH;1;1,70
8;102796;Julimar;ATA;CAP;1;4,90
8;122441;Kayky Almeida;ZAG;REM;1;2,30
8;118563;Rodriguinho;MEI;RBB;1;2,70
8;132412;Román Gómez;LAT;BAH;1;1,70
8;87228;Guilherme Arana;LAT;FLU;1;6,40
8;101960;Vitinho;ATA;INT;1;7,30
8;116447;Hércules;MEI;FLU;1;3,50
8;142890;Montoro;MEI;BOT;1;5,50
8;100804;Tchamba;ZAG;REM;1;4,20
8;111246;Alix Vinicius;ZAG;RBB;1;-0,10
8;84735;Jorginho;MEI;FLA;1;4,40
8;93790;Marlon Freitas;MEI;PAL;1;-0,10
8;97899;Matheus Bahia;LAT;INT;1;5,20
8;110426;Bernabei;LAT;INT;1;9,40
8;118655;Saldivia;ZAG;VAS;1;4,20
8;122394;Gustavinho;MEI;RBB;1;1,20
8;97900;Vitão;ZAG;FLA;1;-1,60
8;105990;Santiago Mingo;ZAG;BAH;1;1,40
8;110715;Andrés Hurtado;LAT;RBB;1;0,20
8;82775;Lucas Ramon;LAT;SAO;1;14,70
8;97878;Jacy;ZAG;CFC;1;0,80
8;106593;Villalba;ZAG;CRU;1;5,50
8;131516;JP Chermont;LAT;CFC;1;2,70
8;117910;Breno Bidon;MEI;COR;1;2,60
8;123648;Lucas Ronier;ATA;CFC;1;4,50
8;125467;Viery;ZAG;GRE;1;2,00
8;91971;Wesley Carvalho;TEC;OUT;1;4,23
8;126977;Fernando Seabra;TEC;CFC;1;1,53
8;51413;Walter;GOL;MIR;1;5,50
8;132071;Serna;ATA;FLU;1;0,20
8;82628;Tinga;LAT;CFC;1;0,00
8;101908;Willian Machado;ZAG;MIR;1;0,00
8;95556;Raniele;MEI;COR;1;3,70
8;100987;Nonato;MEI;FLU;1;0,00
8;68708;Eduardo;MEI;MIR;1;0,00
8;132580;Vinicinho;ATA;RBB;1;0,00
8;104118;Lucas Arcanjo;GOL;VIT;1;8,90
8;110708;Pedro Rangel;GOL;CFC;1;0,60
8;98384;Negueba;ATA;MIR;1;5,00
8;106822;Rodrigo Nestor;MEI;BAH;1;-0,20
8;97460;João Victor;ZAG;MIR;1;5,10
8;145744;André;MEI;COR;1;4,70
8;124661;Iván Román;ZAG;CAM;1;1,00
8;110759;John Kennedy;ATA;FLU;1;0,00
8;42234;Cássio;GOL;CRU;1;0,00
8;102911;Zé Ricardo;MEI;REM;1;7,00
8;105563;Carlos Vinícius;ATA;GRE;1;9,70
8;61987;Alex Sandro;LAT;FLA;1;-1,30
8;79701;Lucas Silva;MEI;CRU;1;0,00
8;85048;Memphis Depay;ATA;COR;1;-0,30
8;105373;Gabriel Xavier;ZAG;BAH;1;3,00
8;126182;Paulinho;MEI;INT;1;7,70
8;117330;Robert Renan;ZAG;VAS;1;0,00
8;80287;Luciano;ATA;SAO;1;3,90
8;92180;Jair Ventura;TEC;VIT;1;7,39
8;87863;Arrascaeta;MEI;FLA;1;4,50
9;103445;Kaio Jorge;ATA;CRU;41;8,80
9;63007;Neymar;MEI;SAN;37;7,80
9;99815;Arias;MEI;PAL;34;4,70
9;97653;Murilo;ZAG;PAL;31;-0,60
9;96610;Matheus Pereira;MEI;CRU;31;8,00
9;107093;Luciano Juba;LAT;BAH;29;18,00
9;113103;Flaco López;ATA;PAL;28;3,50
9;111690;Matheus Cunha;GOL;CRU;21;10,00
9;89837;Lucho Acosta;MEI;FLU;17;0,30
9;39148;Hulk;ATA;CAM;16;7,00
9;90768;Fabrício Bruno;ZAG;CRU;15;9,20
9;143600;Kauã Moraes;LAT;CRU;15;14,00
9;42411;Cuca;TEC;SAN;13;8,54
9;127273;Artur Jorge;TEC;CRU;11;9,78
9;103056;Gabriel Brazão;GOL;SAN;10;10,20
9;132553;Jemmes;ZAG;FLU;9;2,00
9;123648;Lucas Ronier;ATA;CFC;9;12,30
9;73481;Gilmar Dal Pozzo;TEC;OUT;8;2,88
9;111832;Jefté;LAT;PAL;8;1,60
9;126977;Fernando Seabra;TEC;CFC;8;2,76
9;94583;Pedro;ATA;FLA;8;0,50
9;84847;Luan Peres;ZAG;SAN;7;6,50
9;98517;Jean Lucas;MEI;BAH;6;6,20
9;89275;William;LAT;CRU;6;9,50
9;95466;Igor Vinícius;LAT;SAN;6;4,70
9;68685;Alan Patrick;MEI;INT;5;2,50
9;97878;Jacy;ZAG;CFC;5;3,50
9;141451;Allan;MEI;PAL;5;2,90
9;89840;Calleri;ATA;SAO;5;11,50
9;105647;Maurício;MEI;PAL;4;1,80
9;104191;Raul;GOL;BOT;4;1,10
9;98280;Bastos;ZAG;BOT;4;1,70
9;100898;Vitinho;LAT;BOT;4;8,20
9;93368;Lucas Veríssimo;ZAG;SAN;4;11,50
9;104084;Carlos Miguel;GOL;PAL;4;5,20
9;89274;Andreas Pereira;MEI;PAL;4;9,30
9;105990;Santiago Mingo;ZAG;BAH;4;7,00
9;132071;Serna;ATA;FLU;3;10,80
9;97969;Marcos Vinícius;LAT;CHA;3;5,20
9;105300;Ferraresi;ZAG;BOT;3;0,80
9;92171;Arthur Cabral;ATA;BOT;3;9,40
9;147850;Rodrigo Bellão;TEC;BOT;3;6,24
9;110506;Abel Ferreira;TEC;PAL;3;6,55
9;113034;Freytes;ZAG;FLU;3;2,50
9;99552;Rossi;GOL;FLA;3;0,90
9;90302;Pedro Rocha;ATA;CFC;3;1,20
9;72493;Alex Telles;LAT;BOT;3;7,90
9;106708;Igor Formiga;LAT;MIR;2;14,00
9;109401;Erick Pulga;ATA;BAH;2;2,60
9;85403;Danielzinho;MEI;SAO;2;0,50
9;96870;Emerson Royal;LAT;FLA;2;2,40
9;81720;Lingard;ATA;COR;2;2,00
9;101002;Júnior Santos;ATA;BOT;2;9,40
9;100842;Ruan;ZAG;CAM;2;9,20
9;131516;JP Chermont;LAT;CFC;2;0,00
9;102975;Escobar;LAT;SAN;2;18,40
9;106593;Villalba;ZAG;CRU;2;8,20
9;109127;Tiago Cóser;ZAG;CFC;2;0,20
9;97867;Léo Ortiz;ZAG;FLA;2;2,00
9;98873;Samuel Lino;ATA;FLA;2;1,00
9;146430;Justino;ZAG;BOT;2;3,00
9;101393;Eduardo Doma;ZAG;CHA;2;8,50
9;110708;Pedro Rangel;GOL;CFC;2;1,60
9;105563;Carlos Vinícius;ATA;GRE;2;11,00
9;113397;Cristian Olivera;ATA;BAH;2;11,00
9;111683;Anthoni;GOL;INT;2;1,60
9;104027;Rafael Guanaes;TEC;MIR;2;5,53
9;115479;Paulo Pezzolano;TEC;INT;2;3,95
9;97795;Marcelinho;LAT;REM;2;7,70
9;91706;Marlon;LAT;GRE;1;0,00
9;142004;Amuzu;ATA;GRE;1;2,40
9;83257;Gabriel;ATA;SAN;1;0,00
9;109966;Monsalve;MEI;GRE;1;0,50
9;73384;Samuel Xavier;LAT;FLU;1;2,40
9;86292;Bolasie;ATA;CHA;1;1,50
9;80570;Wendell;LAT;SAO;1;9,90
9;115674;Gabriel Delfim;GOL;CAM;1;0,00
9;94930;Lucas Paquetá;MEI;FLA;1;-0,20
9;37656;Fábio;GOL;FLU;1;4,70
9;95799;Artur;ATA;SAO;1;2,40
9;145404;Arthur;LAT;PAL;1;0,50
9;104502;Christian;MEI;CRU;1;14,90
9;101807;Oliva;MEI;SAN;1;0,10
9;142890;Montoro;MEI;BOT;1;1,30
9;131753;Felipe Longo;GOL;COR;1;0,00
9;124526;Giay;LAT;PAL;1;4,00
9;93716;Paulo Henrique;LAT;VAS;1;6,70
9;118655;Saldivia;ZAG;VAS;1;2,00
9;84626;Josué;MEI;CFC;1;1,30
9;98909;Cuello;ATA;CAM;1;19,40
9;122394;Gustavinho;MEI;RBB;1;-0,80
9;109573;Martinelli;MEI;FLU;1;7,50
9;90031;Mendoza;ATA;CAP;1;4,90
9;105584;Lucas Piton;LAT;VAS;1;2,40
9;100987;Nonato;MEI;FLU;1;0,00
9;68708;Eduardo;MEI;MIR;1;0,00
9;100652;Yuri Alberto;ATA;COR;1;-0,30
9;95556;Raniele;MEI;COR;1;0,00
9;101908;Willian Machado;ZAG;MIR;1;2,00
9;82628;Tinga;LAT;CFC;1;1,30
9;51413;Walter;GOL;MIR;1;-0,10
9;132580;Vinicinho;ATA;RBB;1;1,50
9;101727;Matheuzinho;LAT;COR;1;5,00
9;107989;Carbonero;ATA;INT;1;1,50
9;98384;Negueba;ATA;MIR;1;2,20
9;145744;André;MEI;COR;1;11,40
9;124661;Iván Román;ZAG;CAM;1;0,00
9;97460;João Victor;ZAG;MIR;1;1,50
9;110759;John Kennedy;ATA;FLU;1;11,60
9;106822;Rodrigo Nestor;MEI;BAH;1;0,00
9;104666;Moisés;ATA;SAN;1;8,90
9;126182;Paulinho;MEI;INT;1;1,10
9;98672;Savarino;MEI;FLU;1;4,00
9;79701;Lucas Silva;MEI;CRU;1;0,00
9;84735;Jorginho;MEI;FLA;1;3,20
9;97432;Victor Caetano;ZAG;CHA;1;-0,10
9;141594;Pedro Gabriel;LAT;GRE;1;2,20
9;96591;Renan Lodi;LAT;CAM;1;9,50
9;105175;Khellven;LAT;PAL;1;0,00
10;105563;Carlos Vinícius;ATA;GRE;40;2,80
10;87863;Arrascaeta;MEI;FLA;39;1,80
10;94583;Pedro;ATA;FLA;36;9,00
10;71631;Weverton;GOL;GRE;28;15,90
10;84816;Varela;LAT;FLA;25;2,50
10;83528;Léo Pereira;ZAG;FLA;25;2,30
10;97867;Léo Ortiz;ZAG;FLA;24;1,40
10;116706;Andrés Gómez;ATA;VAS;23;1,60
10;88393;Ayrton Lucas;LAT;FLA;21;1,20
10;99815;Arias;MEI;PAL;19;7,20
10;88037;Luís Castro;TEC;GRE;16;6,07
10;88963;Leonardo Jardim;TEC;FLA;16;6,89
10;94930;Lucas Paquetá;MEI;FLA;16;8,20
10;111309;Gustavo Martins;ZAG;GRE;14;7,00
10;99552;Rossi;GOL;FLA;14;0,30
10;116065;Cuiabano;LAT;VAS;12;3,20
10;105068;Reinier;MEI;CAM;11;0,20
10;96591;Renan Lodi;LAT;CAM;10;3,40
10;125467;Viery;ZAG;GRE;10;7,30
10;39148;Hulk;ATA;CAM;10;1,20
10;98672;Savarino;MEI;FLU;8;1,50
10;104027;Rafael Guanaes;TEC;MIR;7;3,95
10;123648;Lucas Ronier;ATA;CFC;7;5,00
10;88717;Celso Rodrigues;TEC;OUT;6;4,28
10;89840;Calleri;ATA;SAO;6;9,80
10;107231;Danilo;MEI;BOT;6;0,60
10;98517;Jean Lucas;MEI;BAH;6;2,70
10;82775;Lucas Ramon;LAT;SAO;6;0,50
10;78248;Gustavo Henrique;ZAG;COR;5;4,20
10;145744;André;MEI;COR;5;5,40
10;71123;Thiago Mendes;MEI;VAS;5;1,00
10;107873;Bobadilla;MEI;SAO;5;-0,90
10;100652;Yuri Alberto;ATA;COR;5;1,00
10;84735;Jorginho;MEI;FLA;4;11,00
10;78850;Reinaldo;LAT;MIR;4;1,70
10;98873;Samuel Lino;ATA;FLA;4;2,50
10;98720;Angileri;LAT;COR;4;1,50
10;100842;Ruan;ZAG;CAM;3;1,10
10;97653;Murilo;ZAG;PAL;3;1,70
10;106708;Igor Formiga;LAT;MIR;3;5,00
10;113103;Flaco López;ATA;PAL;3;6,40
10;104084;Carlos Miguel;GOL;PAL;3;4,70
10;98909;Cuello;ATA;CAM;3;4,70
10;90532;Arthur Melo;MEI;GRE;3;-1,00
10;117910;Breno Bidon;MEI;COR;3;3,50
10;71684;Gustavo Gómez;ZAG;PAL;3;0,00
10;93988;Breno Lopes;ATA;CFC;2;2,30
10;104783;Acevedo;MEI;BAH;2;3,10
10;84339;Bruno Melo;LAT;CFC;2;7,20
10;105664;Walter Clar;LAT;CHA;2;2,80
10;106294;Marcos Antônio;MEI;SAO;2;4,90
10;145404;Arthur;LAT;PAL;2;5,60
10;96610;Matheus Pereira;MEI;CRU;2;4,90
10;105647;Maurício;MEI;PAL;2;3,10
10;101727;Matheuzinho;LAT;COR;2;3,00
10;107093;Luciano Juba;LAT;BAH;2;-0,40
10;51413;Walter;GOL;MIR;2;2,90
10;41929;Renato Gaúcho;TEC;VAS;2;4,30
10;104075;Sabino;ZAG;SAO;2;-0,30
10;68822;Rafael Santos;GOL;CHA;2;8,10
10;113034;Freytes;ZAG;FLU;2;0,00
10;116034;Victor Hugo;MEI;CAM;2;13,30
10;142004;Amuzu;ATA;GRE;1;10,60
10;97321;Alesson;ATA;MIR;1;2,90
10;109573;Martinelli;MEI;FLU;1;0,60
10;78117;Everaldo;ATA;BAH;1;3,00
10;103523;Ignácio;ZAG;FLU;1;0,50
10;97460;João Victor;ZAG;MIR;1;0,50
10;115479;Paulo Pezzolano;TEC;INT;1;7,15
10;101597;Ramon;LAT;VIT;1;2,60
10;101393;Eduardo Doma;ZAG;CHA;1;4,70
10;141451;Allan;MEI;PAL;1;4,00
10;102318;Caio Paulista;LAT;GRE;1;0,00
10;116447;Hércules;MEI;FLU;1;3,60
10;104502;Christian;MEI;CRU;1;12,40
10;72460;Bernard;MEI;CAM;1;1,00
10;101574;Hugo Souza;GOL;COR;1;1,60
10;84042;Tiquinho Soares;ATA;MIR;1;2,80
10;40990;Dorival Júnior;TEC;OUT;1;2,82
10;130048;Noriega;ZAG;GRE;1;0,00
10;101908;Willian Machado;ZAG;MIR;1;0,00
10;95556;Raniele;MEI;COR;1;5,90
10;68708;Eduardo;MEI;MIR;1;1,00
10;82628;Tinga;LAT;CFC;1;0,00
10;126977;Fernando Seabra;TEC;CFC;1;4,37
10;100987;Nonato;MEI;FLU;1;0,00
10;132071;Serna;ATA;FLU;1;3,70
10;132580;Vinicinho;ATA;RBB;1;0,00
10;106104;Enamorado;ATA;GRE;1;3,50
10;118655;Saldivia;ZAG;VAS;1;3,60
10;70958;Jean Carlos;MEI;CHA;1;1,60
10;97878;Jacy;ZAG;CFC;1;5,20
10;103445;Kaio Jorge;ATA;CRU;1;1,20
10;87887;Balbuena;ZAG;GRE;1;0,00
10;109401;Erick Pulga;ATA;BAH;1;7,20
10;105436;Carrascal;MEI;FLA;1;10,60
10;87742;Neto Moura;MEI;MIR;1;0,00
10;89275;William;LAT;CRU;1;2,40
10;95131;Gabriel Taliari;ATA;REM;1;6,70
10;113113;Benavídez;LAT;CAP;1;2,00
10;110750;Gustavo Marques;ZAG;RBB;1;6,70
11;143193;Viveros;ATA;CAP;44;11,40
11;92273;Odair Hellmann;TEC;CAP;36;8,56
11;63007;Neymar;MEI;SAN;35;5,30
11;96610;Matheus Pereira;MEI;CRU;31;6,70
11;110668;Esquivel;LAT;CAP;28;10,80
11;130843;Arthur Dias;ZAG;CAP;27;9,20
11;107231;Danilo;MEI;BOT;25;11,10
11;112709;Kaiki Bruno;LAT;CRU;23;5,10
11;99274;Alexander Barboza;ZAG;BOT;20;1,90
11;116706;Andrés Gómez;ATA;VAS;19;10,80
11;87863;Arrascaeta;MEI;FLA;18;1,70
11;90031;Mendoza;ATA;CAP;17;12,00
11;69012;Santos;GOL;CAP;17;6,30
11;111690;Matheus Cunha;GOL;CRU;14;2,90
11;90768;Fabrício Bruno;ZAG;CRU;14;1,50
11;116065;Cuiabano;LAT;VAS;14;5,80
11;123869;Aguirre;ZAG;CAP;10;4,70
11;104502;Christian;MEI;CRU;9;9,70
11;95131;Gabriel Taliari;ATA;REM;8;2,90
11;102796;Julimar;ATA;CAP;8;0,20
11;104027;Rafael Guanaes;TEC;MIR;7;2,18
11;102975;Escobar;LAT;SAN;6;6,00
11;94583;Pedro;ATA;FLA;6;20,60
11;107093;Luciano Juba;LAT;BAH;6;11,50
11;113103;Flaco López;ATA;PAL;6;7,40
11;89837;Lucho Acosta;MEI;FLU;5;0,00
11;103056;Gabriel Brazão;GOL;SAN;5;8,90
11;100652;Yuri Alberto;ATA;COR;4;3,70
11;92171;Arthur Cabral;ATA;BOT;4;11,70
11;104084;Carlos Miguel;GOL;PAL;4;10,20
11;98517;Jean Lucas;MEI;BAH;4;4,00
11;123648;Lucas Ronier;ATA;CFC;4;2,80
11;93368;Lucas Veríssimo;ZAG;SAN;4;7,70
11;82775;Lucas Ramon;LAT;SAO;3;-2,80
11;71043;Léo Vieira;GOL;BAH;3;5,50
11;103445;Kaio Jorge;ATA;CRU;3;0,00
11;105563;Carlos Vinícius;ATA;GRE;3;-1,10
11;130232;Caio Roque;LAT;BOT;3;3,00
11;106708;Igor Formiga;LAT;MIR;3;2,70
11;97653;Murilo;ZAG;PAL;3;5,90
11;104191;Raul;GOL;BOT;3;1,90
11;71123;Thiago Mendes;MEI;VAS;3;6,70
11;101254;Alef Manga;ATA;REM;2;4,60
11;95799;Artur;ATA;SAO;2;5,50
11;94930;Lucas Paquetá;MEI;FLA;2;2,70
11;104666;Moisés;ATA;SAN;2;9,50
11;98909;Cuello;ATA;CAM;2;3,60
11;71631;Weverton;GOL;GRE;2;9,40
11;89274;Andreas Pereira;MEI;PAL;2;0,90
11;130048;Noriega;ZAG;GRE;2;6,70
11;70666;Marllon;ZAG;REM;2;7,70
11;100898;Vitinho;LAT;BOT;2;5,20
11;99440;Baralhas;MEI;VIT;2;9,50
11;118655;Saldivia;ZAG;VAS;2;-0,30
11;121824;Kayke;ATA;COR;2;4,40
11;78248;Gustavo Henrique;ZAG;COR;2;6,40
11;97867;Léo Ortiz;ZAG;FLA;2;1,20
11;117910;Breno Bidon;MEI;COR;2;3,00
11;111309;Gustavo Martins;ZAG;GRE;2;3,40
11;98672;Savarino;MEI;FLU;2;9,10
11;92696;Renato Kayzer;ATA;VIT;2;1,50
11;72391;Fernando Diniz;TEC;COR;2;4,59
11;100848;Luan Cândido;LAT;VIT;2;7,00
11;99889;Alan Franco;ZAG;SAO;1;1,20
11;68685;Alan Patrick;MEI;INT;1;2,30
11;51772;Everton Ribeiro;MEI;BAH;1;5,20
11;69208;Gabriel Paulista;ZAG;COR;1;8,70
11;105647;Maurício;MEI;PAL;1;2,40
11;105068;Reinier;MEI;CAM;1;4,30
11;98873;Samuel Lino;ATA;FLA;1;14,00
11;115479;Paulo Pezzolano;TEC;INT;1;4,45
11;63008;Rafael Tolói;ZAG;SAO;1;2,50
11;101290;Ferreira;ATA;SAO;1;2,10
11;141451;Allan;MEI;PAL;1;4,70
11;98280;Bastos;ZAG;BOT;1;2,40
11;149990;Franclim Carvalho;TEC;BOT;1;5,06
11;110759;John Kennedy;ATA;FLU;1;2,00
11;93716;Paulo Henrique;LAT;VAS;1;3,00
11;68928;Rafael;GOL;SAO;1;3,20
11;78117;Everaldo;ATA;BAH;1;2,40
11;83257;Gabriel;ATA;SAN;1;5,90
11;71684;Gustavo Gómez;ZAG;PAL;1;4,40
11;127273;Artur Jorge;TEC;CRU;1;6,78
11;105531;Matheus Bidu;LAT;COR;1;12,10
11;97642;Félix Torres;ZAG;INT;1;5,00
11;122485;Barros;MEI;VAS;1;-0,10
11;68708;Eduardo;MEI;MIR;1;1,30
11;132580;Vinicinho;ATA;RBB;1;4,00
11;101908;Willian Machado;ZAG;MIR;1;0,00
11;82628;Tinga;LAT;CFC;1;2,00
11;126977;Fernando Seabra;TEC;CFC;1;5,91
11;132071;Serna;ATA;FLU;1;1,30
11;113034;Freytes;ZAG;FLU;1;1,30
11;100987;Nonato;MEI;FLU;1;0,00
11;95556;Raniele;MEI;COR;1;2,80
11;51413;Walter;GOL;MIR;1;5,80
11;39148;Hulk;ATA;CAM;1;1,00
11;93988;Breno Lopes;ATA;CFC;1;9,50
11;145744;André;MEI;COR;1;-2,80
11;106104;Enamorado;ATA;GRE;1;5,90
11;88393;Ayrton Lucas;LAT;FLA;1;0,00
11;42411;Cuca;TEC;SAN;1;8,65
11;78850;Reinaldo;LAT;MIR;1;-0,30
11;84816;Varela;LAT;FLA;1;5,00
11;105300;Ferraresi;ZAG;BOT;1;0,00
11;125746;Dudu;MEI;CAP;1;2,20
11;101727;Matheuzinho;LAT;COR;1;1,60
11;90532;Arthur Melo;MEI;GRE;1;3,00
11;142004;Amuzu;ATA;GRE;1;0,40
11;105990;Santiago Mingo;ZAG;BAH;1;0,70
11;97795;Marcelinho;LAT;REM;1;5,80
11;83528;Léo Pereira;ZAG;FLA;1;3,80
12;113103;Flaco López;ATA;PAL;38;3,80
12;94968;Juninho Capixaba;LAT;RBB;38;0,10
12;99815;Arias;MEI;PAL;36;1,20
12;94583;Pedro;ATA;FLA;33;7,90
12;97653;Murilo;ZAG;PAL;33;1,40
12;87863;Arrascaeta;MEI;FLA;31;13,00
12;110750;Gustavo Marques;ZAG;RBB;24;0,00
12;39850;Vagner Mancini;TEC;RBB;21;5,25
12;96610;Matheus Pereira;MEI;CRU;17;9,60
12;108133;Isidro Pitta;ATA;RBB;17;18,00
12;112709;Kaiki Bruno;LAT;CRU;15;7,40
12;115479;Paulo Pezzolano;TEC;INT;14;5,25
12;68685;Alan Patrick;MEI;INT;14;11,30
12;116065;Cuiabano;LAT;VAS;14;5,90
12;107231;Danilo;MEI;BOT;12;10,00
12;63007;Neymar;MEI;SAN;12;7,50
12;111690;Matheus Cunha;GOL;CRU;11;6,30
12;116706;Andrés Gómez;ATA;VAS;10;16,90
12;72018;Tiago Volpi;GOL;RBB;10;0,60
12;124526;Giay;LAT;PAL;10;9,50
12;99552;Rossi;GOL;FLA;9;12,80
12;92171;Arthur Cabral;ATA;BOT;9;2,10
12;111246;Alix Vinicius;ZAG;RBB;8;0,40
12;104502;Christian;MEI;CRU;8;9,50
12;123648;Lucas Ronier;ATA;CFC;7;4,90
12;111466;Victor Gabriel;ZAG;INT;5;4,80
12;84816;Varela;LAT;FLA;5;5,00
12;112886;Lucas Barbosa;ATA;RBB;5;1,80
12;141451;Allan;MEI;PAL;5;5,00
12;110708;Pedro Rangel;GOL;CFC;5;15,90
12;103445;Kaio Jorge;ATA;CRU;4;2,10
12;94930;Lucas Paquetá;MEI;FLA;4;11,60
12;104084;Carlos Miguel;GOL;PAL;4;8,90
12;88963;Leonardo Jardim;TEC;FLA;4;8,38
12;71684;Gustavo Gómez;ZAG;PAL;4;15,50
12;89274;Andreas Pereira;MEI;PAL;4;1,80
12;97878;Jacy;ZAG;CFC;4;7,90
12;97867;Léo Ortiz;ZAG;FLA;3;7,40
12;83257;Gabriel;ATA;SAN;3;13,30
12;105949;Rochet;GOL;INT;3;0,00
12;110715;Andrés Hurtado;LAT;RBB;3;0,00
12;97642;Félix Torres;ZAG;INT;3;1,70
12;100898;Vitinho;LAT;BOT;3;9,50
12;110506;Abel Ferreira;TEC;PAL;3;7,51
12;95799;Artur;ATA;SAO;3;6,00
12;104027;Rafael Guanaes;TEC;MIR;3;6,54
12;83528;Léo Pereira;ZAG;FLA;3;3,70
12;78248;Gustavo Henrique;ZAG;COR;3;4,90
12;100652;Yuri Alberto;ATA;COR;3;1,20
12;42500;Fagner;LAT;CRU;2;4,40
12;117632;Garro;MEI;COR;2;0,30
12;101960;Vitinho;ATA;INT;2;3,80
12;89840;Calleri;ATA;SAO;2;7,00
12;126977;Fernando Seabra;TEC;CFC;2;9,12
12;68822;Rafael Santos;GOL;CHA;2;1,20
12;103056;Gabriel Brazão;GOL;SAN;2;-3,00
12;72493;Alex Telles;LAT;BOT;2;5,00
12;84626;Josué;MEI;CFC;1;1,40
12;98873;Samuel Lino;ATA;FLA;1;1,70
12;105300;Ferraresi;ZAG;BOT;1;-0,30
12;90768;Fabrício Bruno;ZAG;CRU;1;4,20
12;82730;Marcelo Rangel;GOL;REM;1;2,50
12;110759;John Kennedy;ATA;FLU;1;8,00
12;94067;Matheus Fernandes;MEI;RBB;1;5,20
12;99274;Alexander Barboza;ZAG;BOT;1;4,50
12;121823;Kauê;GOL;COR;1;0,00
12;80287;Luciano;ATA;SAO;1;8,00
12;77656;Cédric Soares;LAT;SAO;1;0,20
12;145404;Arthur;LAT;PAL;1;6,70
12;94514;Lucas Oliveira;ZAG;MIR;1;12,00
12;141594;Pedro Gabriel;LAT;GRE;1;5,70
12;71123;Thiago Mendes;MEI;VAS;1;1,00
12;127273;Artur Jorge;TEC;CRU;1;8,58
12;95620;Bruno Leonardo;ZAG;CHA;1;4,40
12;84339;Bruno Melo;LAT;CFC;1;5,50
12;106708;Igor Formiga;LAT;MIR;1;3,50
12;82628;Tinga;LAT;CFC;1;11,00
12;51413;Walter;GOL;MIR;1;5,80
12;100987;Nonato;MEI;FLU;1;0,00
12;113034;Freytes;ZAG;FLU;1;1,50
12;95556;Raniele;MEI;COR;1;-1,20
12;101908;Willian Machado;ZAG;MIR;1;6,50
12;68708;Eduardo;MEI;MIR;1;0,00
12;132071;Serna;ATA;FLU;1;3,30
12;132580;Vinicinho;ATA;RBB;1;6,10
12;124912;Jonathan Jesus;ZAG;CRU;1;5,00
12;117330;Robert Renan;ZAG;VAS;1;2,40
12;122485;Barros;MEI;VAS;1;1,70
12;41929;Renato Gaúcho;TEC;VAS;1;6,28
12;89256;Gerson;MEI;CRU;1;12,10
12;100848;Luan Cândido;LAT;VIT;1;9,70
12;121824;Kayke;ATA;COR;1;1,50
12;101727;Matheuzinho;LAT;COR;1;0,00
12;117910;Breno Bidon;MEI;COR;1;2,20
12;105563;Carlos Vinícius;ATA;GRE;1;-0,30
12;111309;Gustavo Martins;ZAG;GRE;1;-0,30
12;90532;Arthur Melo;MEI;GRE;1;4,50
12;72391;Fernando Diniz;TEC;COR;1;4,27
12;98672;Savarino;MEI;FLU;1;9,00
12;42234;Cássio;GOL;CRU;1;0,00
12;39148;Hulk;ATA;CAM;1;3,50
13;102928;Canobbio;ATA;FLU;41;10,40
13;98672;Savarino;MEI;FLU;40;13,10
13;143193;Viveros;ATA;CAP;39;21,10
13;107093;Luciano Juba;LAT;BAH;37;10,50
13;99366;Luis Zubeldía;TEC;FLU;35;7,04
13;132553;Jemmes;ZAG;FLU;30;1,20
13;130843;Arthur Dias;ZAG;CAP;26;2,50
13;37656;Fábio;GOL;FLU;26;1,60
13;107231;Danilo;MEI;BOT;25;19,90
13;99815;Arias;MEI;PAL;24;5,50
13;110668;Esquivel;LAT;CAP;22;2,50
13;87863;Arrascaeta;MEI;FLA;22;10,20
13;98517;Jean Lucas;MEI;BAH;16;2,20
13;87228;Guilherme Arana;LAT;FLU;16;4,60
13;89840;Calleri;ATA;SAO;15;2,70
13;94583;Pedro;ATA;FLA;14;15,60
13;124424;Rodrigo Castillo;ATA;FLU;9;8,10
13;113103;Flaco López;ATA;PAL;8;9,50
13;113034;Freytes;ZAG;FLU;8;1,60
13;78248;Gustavo Henrique;ZAG;COR;8;6,10
13;92273;Odair Hellmann;TEC;CAP;6;6,49
13;69012;Santos;GOL;CAP;6;-0,70
13;99274;Alexander Barboza;ZAG;BOT;6;1,70
13;116447;Hércules;MEI;FLU;5;5,70
13;104502;Christian;MEI;CRU;5;0,90
13;104084;Carlos Miguel;GOL;PAL;5;8,90
13;105531;Matheus Bidu;LAT;COR;5;17,80
13;105563;Carlos Vinícius;ATA;GRE;5;1,40
13;82775;Lucas Ramon;LAT;SAO;4;11,20
13;71631;Weverton;GOL;GRE;4;10,70
13;117632;Garro;MEI;COR;4;8,40
13;104075;Sabino;ZAG;SAO;3;5,90
13;112709;Kaiki Bruno;LAT;CRU;3;11,40
13;100652;Yuri Alberto;ATA;COR;3;1,00
13;104085;Bruno Fuchs;ZAG;PAL;3;5,00
13;113397;Cristian Olivera;ATA;BAH;2;1,30
13;63289;Edenílson;MEI;BOT;2;0,60
13;111690;Matheus Cunha;GOL;CRU;2;5,80
13;105373;Gabriel Xavier;ZAG;BAH;2;-0,30
13;105300;Ferraresi;ZAG;BOT;2;2,20
13;100898;Vitinho;LAT;BOT;2;3,00
13;68996;Willian José;ATA;BAH;2;8,20
13;71043;Léo Vieira;GOL;BAH;2;3,20
13;72391;Fernando Diniz;TEC;COR;2;8,06
13;105990;Santiago Mingo;ZAG;BAH;2;1,20
13;69208;Gabriel Paulista;ZAG;COR;2;8,00
13;72493;Alex Telles;LAT;BOT;2;-0,60
13;117910;Breno Bidon;MEI;COR;2;2,50
13;99552;Rossi;GOL;FLA;2;11,50
13;68928;Rafael;GOL;SAO;1;6,30
13;80287;Luciano;ATA;SAO;1;11,80
13;115479;Paulo Pezzolano;TEC;INT;1;4,35
13;110759;John Kennedy;ATA;FLU;1;7,70
13;111831;Matheus Martins;ATA;BOT;1;7,00
13;68806;Neto;GOL;BOT;1;0,60
13;149990;Franclim Carvalho;TEC;BOT;1;6,04
13;95799;Artur;ATA;SAO;1;6,90
13;63008;Rafael Tolói;ZAG;SAO;1;7,90
13;88037;Luís Castro;TEC;GRE;1;7,05
13;78855;Thiago Santos;ZAG;CFC;1;3,10
13;104027;Rafael Guanaes;TEC;MIR;1;2,23
13;125467;Viery;ZAG;GRE;1;9,70
13;89274;Andreas Pereira;MEI;PAL;1;0,90
13;92180;Jair Ventura;TEC;VIT;1;4,29
13;124912;Jonathan Jesus;ZAG;CRU;1;5,90
13;132580;Vinicinho;ATA;RBB;1;1,00
13;101908;Willian Machado;ZAG;MIR;1;4,20
13;95556;Raniele;MEI;COR;1;7,40
13;126977;Fernando Seabra;TEC;CFC;1;2,51
13;100987;Nonato;MEI;FLU;1;0,00
13;132071;Serna;ATA;FLU;1;1,20
13;82628;Tinga;LAT;CFC;1;1,40
13;68708;Eduardo;MEI;MIR;1;3,20
13;51413;Walter;GOL;MIR;1;-1,00
13;106708;Igor Formiga;LAT;MIR;1;1,10
13;142004;Amuzu;ATA;GRE;1;2,30
13;141594;Pedro Gabriel;LAT;GRE;1;6,80
13;124526;Giay;LAT;PAL;1;11,90
13;51772;Everton Ribeiro;MEI;BAH;1;1,40
13;92171;Arthur Cabral;ATA;BOT;1;0,50
13;101319;Guga;LAT;FLU;1;3,00
13;121824;Kayke;ATA;COR;1;0,00
13;100848;Luan Cândido;LAT;VIT;1;1,50
13;90532;Arthur Melo;MEI;GRE;1;0,70
13;111309;Gustavo Martins;ZAG;GRE;1;0,00
13;101727;Matheuzinho;LAT;COR;1;0,00
13;84816;Varela;LAT;FLA;1;8,40
13;97653;Murilo;ZAG;PAL;1;0,00
13;108133;Isidro Pitta;ATA;RBB;1;2,00
13;39850;Vagner Mancini;TEC;RBB;1;3,41
13;111466;Victor Gabriel;ZAG;INT;1;-0,80
13;96610;Matheus Pereira;MEI;CRU;1;0,00
13;94968;Juninho Capixaba;LAT;RBB;1;1,80
14;107231;Danilo;MEI;BOT;42;5,30
14;99815;Arias;MEI;PAL;42;5,80
14;94583;Pedro;ATA;FLA;38;11,80
14;113103;Flaco López;ATA;PAL;35;7,80
14;72493;Alex Telles;LAT;BOT;30;5,80
14;71684;Gustavo Gómez;ZAG;PAL;28;0,70
14;92171;Arthur Cabral;ATA;BOT;22;2,40
14;96610;Matheus Pereira;MEI;CRU;22;2,70
14;97653;Murilo;ZAG;PAL;20;0,00
14;110668;Esquivel;LAT;CAP;14;2,50
14;105300;Ferraresi;ZAG;BOT;13;12,10
14;104084;Carlos Miguel;GOL;PAL;12;2,90
14;100898;Vitinho;LAT;BOT;12;3,00
14;149990;Franclim Carvalho;TEC;BOT;11;4,58
14;143193;Viveros;ATA;CAP;10;1,60
14;83528;Léo Pereira;ZAG;FLA;10;1,50
14;84816;Varela;LAT;FLA;10;0,00
14;110506;Abel Ferreira;TEC;PAL;10;4,55
14;97867;Léo Ortiz;ZAG;FLA;9;0,00
14;111831;Matheus Martins;ATA;BOT;9;6,50
14;68806;Neto;GOL;BOT;9;7,60
14;89840;Calleri;ATA;SAO;8;6,00
14;112709;Kaiki Bruno;LAT;CRU;8;-0,90
14;145404;Arthur;LAT;PAL;7;3,00
14;103445;Kaio Jorge;ATA;CRU;7;13,00
14;111690;Matheus Cunha;GOL;CRU;7;0,00
14;141451;Allan;MEI;PAL;7;4,20
14;92273;Odair Hellmann;TEC;CAP;7;5,24
14;84735;Jorginho;MEI;FLA;6;14,70
14;104502;Christian;MEI;CRU;6;7,20
14;88963;Leonardo Jardim;TEC;FLA;6;3,78
14;104118;Lucas Arcanjo;GOL;VIT;5;-1,00
14;99552;Rossi;GOL;FLA;5;1,90
14;104027;Rafael Guanaes;TEC;MIR;5;5,43
14;69012;Santos;GOL;CAP;4;5,00
14;98672;Savarino;MEI;FLU;4;5,40
14;107093;Luciano Juba;LAT;BAH;4;10,50
14;98280;Bastos;ZAG;BOT;4;-0,10
14;90703;Matheuzinho;MEI;VIT;4;0,40
14;106708;Igor Formiga;LAT;MIR;4;4,20
14;98873;Samuel Lino;ATA;FLA;3;2,20
14;117632;Garro;MEI;COR;3;2,50
14;102928;Canobbio;ATA;FLU;3;1,20
14;132553;Jemmes;ZAG;FLU;3;0,40
14;82775;Lucas Ramon;LAT;SAO;3;3,50
14;39850;Vagner Mancini;TEC;RBB;3;4,75
14;115479;Paulo Pezzolano;TEC;INT;2;9,45
14;109987;Medina;MEI;BOT;2;2,90
14;98517;Jean Lucas;MEI;BAH;2;9,20
14;87228;Guilherme Arana;LAT;FLU;2;7,20
14;130843;Arthur Dias;ZAG;CAP;2;6,80
14;87863;Arrascaeta;MEI;FLA;2;0,00
14;95556;Raniele;MEI;COR;2;2,80
14;112886;Lucas Barbosa;ATA;RBB;2;13,00
14;102340;Cacá;ZAG;VIT;2;-0,30
14;72391;Fernando Diniz;TEC;COR;2;3,16
14;51413;Walter;GOL;MIR;2;0,60
14;100652;Yuri Alberto;ATA;COR;2;1,90
14;80287;Luciano;ATA;SAO;1;1,20
14;110708;Pedro Rangel;GOL;CFC;1;1,20
14;106028;Coronel;GOL;SAO;1;0,00
14;79437;Roger Machado;TEC;SAO;1;5,87
14;117404;Otávio;GOL;CRU;1;-1,70
14;99366;Luis Zubeldía;TEC;FLU;1;3,51
14;37656;Fábio;GOL;FLU;1;7,10
14;104075;Sabino;ZAG;SAO;1;1,20
14;105373;Gabriel Xavier;ZAG;BAH;1;0,00
14;68996;Willian José;ATA;BAH;1;1,70
14;113397;Cristian Olivera;ATA;BAH;1;2,20
14;63289;Edenílson;MEI;BOT;1;0,00
14;142890;Montoro;MEI;BOT;1;2,40
14;110750;Gustavo Marques;ZAG;RBB;1;3,20
14;92180;Jair Ventura;TEC;VIT;1;7,64
14;90768;Fabrício Bruno;ZAG;CRU;1;1,20
14;101597;Ramon;LAT;VIT;1;2,00
14;95799;Artur;ATA;SAO;1;16,20
14;105531;Matheus Bidu;LAT;COR;1;1,00
14;68928;Rafael;GOL;SAO;1;5,00
14;101908;Willian Machado;ZAG;MIR;1;-0,30
14;132071;Serna;ATA;FLU;1;0,90
14;68708;Eduardo;MEI;MIR;1;0,00
14;126977;Fernando Seabra;TEC;CFC;1;1,73
14;100987;Nonato;MEI;FLU;1;0,00
14;113034;Freytes;ZAG;FLU;1;3,20
14;132580;Vinicinho;ATA;RBB;1;0,00
14;82628;Tinga;LAT;CFC;1;5,50
14;112863;Ramón Sosa;ATA;PAL;1;0,00
14;42500;Fagner;LAT;CRU;1;0,00
14;99889;Alan Franco;ZAG;SAO;1;2,80
14;146375;Kadir;ATA;BOT;1;2,40
14;89274;Andreas Pereira;MEI;PAL;1;9,30
14;104588;Fabrício;GOL;RBB;1;0,00
14;105563;Carlos Vinícius;ATA;GRE;1;0,00
14;100848;Luan Cândido;LAT;VIT;1;6,50
14;117910;Breno Bidon;MEI;COR;1;4,20
14;111309;Gustavo Martins;ZAG;GRE;1;9,20
14;90532;Arthur Melo;MEI;GRE;1;0,00
14;78248;Gustavo Henrique;ZAG;COR;1;0,00
14;101727;Matheuzinho;LAT;COR;1;0,00
14;121824;Kayke;ATA;COR;1;0,00
15;113103;Flaco López;ATA;PAL;44;4,40
15;116706;Andrés Gómez;ATA;VAS;40;2,90
15;98672;Savarino;MEI;FLU;36;2,00
15;99815;Arias;MEI;PAL;35;2,00
15;63007;Neymar;MEI;SAN;33;10,50
15;71684;Gustavo Gómez;ZAG;PAL;27;1,40
15;104027;Rafael Guanaes;TEC;MIR;24;4,75
15;97653;Murilo;ZAG;PAL;24;3,20
15;78850;Reinaldo;LAT;MIR;24;6,90
15;106708;Igor Formiga;LAT;MIR;17;5,00
15;94583;Pedro;ATA;FLA;17;0,40
15;51413;Walter;GOL;MIR;16;4,20
15;104084;Carlos Miguel;GOL;PAL;16;3,40
15;78248;Gustavo Henrique;ZAG;COR;13;-0,30
15;107093;Luciano Juba;LAT;BAH;13;11,50
15;89837;Lucho Acosta;MEI;FLU;13;3,40
15;103523;Ignácio;ZAG;FLU;13;2,50
15;105531;Matheus Bidu;LAT;COR;12;2,80
15;107231;Danilo;MEI;BOT;12;2,00
15;110506;Abel Ferreira;TEC;PAL;11;3,13
15;100652;Yuri Alberto;ATA;COR;10;6,50
15;110759;John Kennedy;ATA;FLU;10;18,00
15;99366;Luis Zubeldía;TEC;FLU;8;3,72
15;123648;Lucas Ronier;ATA;CFC;7;4,60
15;97321;Alesson;ATA;MIR;5;3,50
15;98517;Jean Lucas;MEI;BAH;5;3,90
15;116065;Cuiabano;LAT;VAS;5;0,00
15;110426;Bernabei;LAT;INT;5;1,10
15;95466;Igor Vinícius;LAT;SAN;4;6,20
15;113690;Diógenes;GOL;SAN;4;10,20
15;99213;Puma Rodríguez;LAT;VAS;4;13,00
15;37656;Fábio;GOL;FLU;4;-0,70
15;94514;Lucas Oliveira;ZAG;MIR;4;0,00
15;97867;Léo Ortiz;ZAG;FLA;3;6,50
15;113034;Freytes;ZAG;FLU;3;0,00
15;98873;Samuel Lino;ATA;FLA;3;2,80
15;99552;Rossi;GOL;FLA;3;8,90
15;97460;João Victor;ZAG;MIR;3;-2,80
15;72391;Fernando Diniz;TEC;COR;3;7,70
15;101727;Matheuzinho;LAT;COR;3;12,70
15;117632;Garro;MEI;COR;3;15,60
15;145404;Arthur;LAT;PAL;2;0,00
15;89840;Calleri;ATA;SAO;2;1,80
15;78445;Renê;LAT;FLU;2;-1,10
15;105436;Carrascal;MEI;FLA;2;15,20
15;71043;Léo Vieira;GOL;BAH;2;5,80
15;117330;Robert Renan;ZAG;VAS;2;6,40
15;105563;Carlos Vinícius;ATA;GRE;2;1,10
15;141451;Allan;MEI;PAL;2;7,20
15;117910;Breno Bidon;MEI;COR;2;13,40
15;126977;Fernando Seabra;TEC;CFC;2;5,04
15;101908;Willian Machado;ZAG;MIR;2;6,50
15;128433;Johan Rojas;MEI;VAS;1;-1,00
15;124526;Giay;LAT;PAL;1;2,30
15;79437;Roger Machado;TEC;OUT;1;4,28
15;84735;Jorginho;MEI;FLA;1;3,00
15;101715;Alerrandro;ATA;INT;1;0,40
15;84816;Varela;LAT;FLA;1;7,50
15;103445;Kaio Jorge;ATA;CRU;1;2,00
15;95799;Artur;ATA;SAO;1;2,00
15;96591;Renan Lodi;LAT;CAM;1;3,70
15;101574;Hugo Souza;GOL;COR;1;1,90
15;69208;Gabriel Paulista;ZAG;COR;1;1,70
15;97095;Carlos Cuesta;ZAG;VAS;1;8,50
15;97642;Félix Torres;ZAG;INT;1;10,20
15;90917;Carlos Eduardo;ATA;MIR;1;1,90
15;87008;Léo Jardim;GOL;VAS;1;8,90
15;104118;Lucas Arcanjo;GOL;VIT;1;1,90
15;71631;Weverton;GOL;GRE;1;4,20
15;95556;Raniele;MEI;COR;1;9,80
15;68708;Eduardo;MEI;MIR;1;8,50
15;132580;Vinicinho;ATA;RBB;1;0,00
15;82628;Tinga;LAT;CFC;1;6,50
15;132071;Serna;ATA;FLU;1;8,00
15;100987;Nonato;MEI;FLU;1;5,50
15;99889;Alan Franco;ZAG;SAO;1;0,00
15;42500;Fagner;LAT;CRU;1;1,10
15;96610;Matheus Pereira;MEI;CRU;1;4,30
15;98280;Bastos;ZAG;BOT;1;0,00
15;112863;Ramón Sosa;ATA;PAL;1;8,70
15;39850;Vagner Mancini;TEC;RBB;1;2,38
15;97878;Jacy;ZAG;CFC;1;5,70
15;110708;Pedro Rangel;GOL;CFC;1;0,60
15;101708;Felipe Jonatan;LAT;CFC;1;5,40
15;111682;Adson;MEI;VAS;1;8,10
15;109096;Plata;ATA;FLA;1;8,50
15;90532;Arthur Melo;MEI;GRE;1;0,00
15;100848;Luan Cândido;LAT;VIT;1;1,00
15;104502;Christian;MEI;CRU;1;0,00
15;111309;Gustavo Martins;ZAG;GRE;1;1,20
15;121824;Kayke;ATA;COR;1;0,00
16;63007;Neymar;MEI;SAN;40;3,90
16;107093;Luciano Juba;LAT;BAH;34;4,70
16;110426;Bernabei;LAT;INT;33;17,20
16;99815;Arias;MEI;PAL;32;11,50
16;110759;John Kennedy;ATA;FLU;31;10,00
16;94583;Pedro;ATA;FLA;29;8,80
16;113103;Flaco López;ATA;PAL;28;5,90
16;89837;Lucho Acosta;MEI;FLU;27;5,50
16;93368;Lucas Veríssimo;ZAG;SAN;25;0,80
16;71684;Gustavo Gómez;ZAG;PAL;21;1,60
16;42411;Cuca;TEC;SAN;16;2,73
16;98672;Savarino;MEI;FLU;16;-0,20
16;97653;Murilo;ZAG;PAL;15;1,40
16;103056;Gabriel Brazão;GOL;SAN;15;-0,40
16;98909;Cuello;ATA;CAM;13;6,00
16;39850;Vagner Mancini;TEC;RBB;12;7,34
16;107771;Fábio Matias;TEC;CHA;7;4,50
16;107231;Danilo;MEI;BOT;7;0,00
16;99552;Rossi;GOL;FLA;7;4,20
16;102928;Canobbio;ATA;FLU;7;15,90
16;78248;Gustavo Henrique;ZAG;COR;7;1,60
16;124526;Giay;LAT;PAL;6;2,50
16;70449;Gabriel;GOL;VIT;6;0,00
16;143193;Viveros;ATA;CAP;6;9,10
16;108469;Adonis Frías;ZAG;SAN;6;3,00
16;117632;Garro;MEI;COR;6;13,40
16;104084;Carlos Miguel;GOL;PAL;6;2,90
16;72294;Everson;GOL;CAM;5;0,30
16;105436;Carrascal;MEI;FLA;5;1,10
16;110506;Abel Ferreira;TEC;PAL;4;4,55
16;113034;Freytes;ZAG;FLU;4;2,00
16;126471;Barreal;MEI;SAN;3;-3,30
16;101715;Alerrandro;ATA;INT;3;14,40
16;89274;Andreas Pereira;MEI;PAL;3;3,10
16;112886;Lucas Barbosa;ATA;RBB;3;11,60
16;37656;Fábio;GOL;FLU;3;6,80
16;91772;David Duarte;ZAG;BAH;3;1,40
16;100842;Ruan;ZAG;CAM;3;2,00
16;96591;Renan Lodi;LAT;CAM;3;8,60
16;83528;Léo Pereira;ZAG;FLA;3;2,60
16;100652;Yuri Alberto;ATA;COR;3;1,50
16;94968;Juninho Capixaba;LAT;RBB;3;6,10
16;99366;Luis Zubeldía;TEC;FLU;3;5,53
16;141754;Gabriel Bontempo;MEI;SAN;2;4,50
16;109401;Erick Pulga;ATA;BAH;2;6,90
16;104783;Acevedo;MEI;BAH;2;6,00
16;107989;Carbonero;ATA;INT;2;24,90
16;115479;Paulo Pezzolano;TEC;INT;2;8,95
16;85403;Danielzinho;MEI;SAO;2;1,20
16;116447;Hércules;MEI;FLU;2;1,40
16;125803;Pedro Morisco;GOL;CFC;2;0,00
16;102975;Escobar;LAT;SAN;2;5,00
16;116706;Andrés Gómez;ATA;VAS;2;12,30
16;105531;Matheus Bidu;LAT;COR;2;5,80
16;71043;Léo Vieira;GOL;BAH;2;-1,00
16;98022;Erick;MEI;BAH;2;0,40
16;72391;Fernando Diniz;TEC;COR;2;4,19
16;102256;Rollheiser;MEI;SAN;2;4,90
16;103523;Ignácio;ZAG;FLU;2;2,00
16;72493;Alex Telles;LAT;BOT;2;0,10
16;110750;Gustavo Marques;ZAG;RBB;1;6,00
16;84816;Varela;LAT;FLA;1;5,70
16;92171;Arthur Cabral;ATA;BOT;1;26,00
16;37457;Léo Condé;TEC;REM;1;5,09
16;95362;Cassierra;ATA;CAM;1;1,60
16;121823;Kauê;GOL;COR;1;0,00
16;105300;Ferraresi;ZAG;BOT;1;2,40
16;98873;Samuel Lino;ATA;FLA;1;1,40
16;101393;Eduardo Doma;ZAG;CHA;1;0,00
16;104027;Rafael Guanaes;TEC;MIR;1;3,36
16;111246;Alix Vinicius;ZAG;RBB;1;5,00
16;70666;Marllon;ZAG;REM;1;0,00
16;92747;Eduardo Domínguez;TEC;CAM;1;7,59
16;107554;Natanael;LAT;CAM;1;8,30
16;88312;Junior Alonso;ZAG;CAM;1;1,50
16;97899;Matheus Bahia;LAT;INT;1;4,80
16;108133;Isidro Pitta;ATA;RBB;1;2,70
16;80196;Yago Pikachu;MEI;REM;1;9,00
16;101254;Alef Manga;ATA;REM;1;0,20
16;93790;Marlon Freitas;MEI;PAL;1;0,90
16;107453;João Paulo;ZAG;CHA;1;-1,10
16;92182;Juninho;ZAG;INT;1;1,50
16;78850;Reinaldo;LAT;MIR;1;7,20
16;87228;Guilherme Arana;LAT;FLU;1;4,30
16;81720;Lingard;ATA;COR;1;3,70
16;106708;Igor Formiga;LAT;MIR;1;0,00
16;132580;Vinicinho;ATA;RBB;1;0,00
16;101908;Willian Machado;ZAG;MIR;1;9,20
16;68708;Eduardo;MEI;MIR;1;4,50
16;95556;Raniele;MEI;COR;1;8,20
16;132071;Serna;ATA;FLU;1;2,00
16;126977;Fernando Seabra;TEC;CFC;1;9,19
16;100987;Nonato;MEI;FLU;1;0,70
16;51413;Walter;GOL;MIR;1;0,90
16;82628;Tinga;LAT;CFC;1;0,00
16;96610;Matheus Pereira;MEI;CRU;1;1,30
16;99889;Alan Franco;ZAG;SAO;1;0,00
16;145404;Arthur;LAT;PAL;1;1,10
16;42500;Fagner;LAT;CRU;1;1,40
16;98280;Bastos;ZAG;BOT;1;0,00
16;112863;Ramón Sosa;ATA;PAL;1;2,80
16;63289;Edenílson;MEI;BOT;1;1,20
16;70592;Felipe Anderson;MEI;PAL;1;10,50
16;105563;Carlos Vinícius;ATA;GRE;1;1,90
16;100848;Luan Cândido;LAT;VIT;1;0,00
16;90532;Arthur Melo;MEI;GRE;1;0,00
16;117910;Breno Bidon;MEI;COR;1;4,50
16;111309;Gustavo Martins;ZAG;GRE;1;0,00
16;104502;Christian;MEI;CRU;1;7,90
16;101727;Matheuzinho;LAT;COR;1;1,50
16;121824;Kayke;ATA;COR;1;0,00
16;42234;Cássio;GOL;CRU;1;0,00
16;97095;Carlos Cuesta;ZAG;VAS;1;-0,60
16;117404;Otávio;GOL;CRU;1;-0,70
17;96610;Matheus Pereira;MEI;CRU;45;8,10
17;103445;Kaio Jorge;ATA;CRU;43;9,70
17;112709;Kaiki Bruno;LAT;CRU;41;4,30
17;117632;Garro;MEI;COR;41;3,80
17;127273;Artur Jorge;TEC;CRU;36;6,77
17;104502;Christian;MEI;CRU;33;6,20
17;94583;Pedro;ATA;FLA;32;2,10
17;78248;Gustavo Henrique;ZAG;COR;32;8,80
17;124912;Jonathan Jesus;ZAG;CRU;27;5,80
17;90768;Fabrício Bruno;ZAG;CRU;21;3,00
17;105563;Carlos Vinícius;ATA;GRE;16;16,90
17;143600;Kauã Moraes;LAT;CRU;14;6,10
17;117404;Otávio;GOL;CRU;11;2,90
17;71631;Weverton;GOL;GRE;11;0,60
17;80287;Luciano;ATA;SAO;9;7,00
17;116706;Andrés Gómez;ATA;VAS;9;2,00
17;95799;Artur;ATA;SAO;9;4,70
17;143193;Viveros;ATA;CAP;8;17,40
17;82775;Lucas Ramon;LAT;SAO;8;5,20
17;110426;Bernabei;LAT;INT;7;-0,10
17;78850;Reinaldo;LAT;MIR;7;6,40
17;99552;Rossi;GOL;FLA;7;0,90
17;94930;Lucas Paquetá;MEI;FLA;6;7,70
17;101574;Hugo Souza;GOL;COR;6;5,00
17;99815;Arias;MEI;PAL;6;0,40
17;101727;Matheuzinho;LAT;COR;6;10,90
17;113103;Flaco López;ATA;PAL;5;11,30
17;125467;Viery;ZAG;GRE;5;6,70
17;69208;Gabriel Paulista;ZAG;COR;4;7,00
17;89840;Calleri;ATA;SAO;4;0,80
17;104118;Lucas Arcanjo;GOL;VIT;4;7,60
17;72391;Fernando Diniz;TEC;COR;3;7,16
17;51413;Walter;GOL;MIR;3;6,30
17;104027;Rafael Guanaes;TEC;MIR;2;8,20
17;101715;Alerrandro;ATA;INT;2;3,00
17;99213;Puma Rodríguez;LAT;VAS;2;0,00
17;100848;Luan Cândido;LAT;VIT;2;9,70
17;90703;Matheuzinho;MEI;VIT;2;1,40
17;84735;Jorginho;MEI;FLA;2;6,40
17;130209;Renê;ATA;VIT;2;10,40
17;141451;Allan;MEI;PAL;2;18,10
17;40990;Dorival Júnior;TEC;SAO;2;3,50
17;89837;Lucho Acosta;MEI;FLU;2;0,50
17;110759;John Kennedy;ATA;FLU;2;3,00
17;88037;Luís Castro;TEC;GRE;2;7,20
17;100652;Yuri Alberto;ATA;COR;2;0,20
17;104084;Carlos Miguel;GOL;PAL;2;7,90
17;68928;Rafael;GOL;SAO;2;4,50
17;80570;Wendell;LAT;SAO;2;1,80
17;107771;Fábio Matias;TEC;OUT;1;3,67
17;141754;Gabriel Bontempo;MEI;SAN;1;6,30
17;63007;Neymar;MEI;SAN;1;0,00
17;110750;Gustavo Marques;ZAG;RBB;1;6,50
17;104783;Acevedo;MEI;BAH;1;-1,90
17;124526;Giay;LAT;PAL;1;6,70
17;97653;Murilo;ZAG;PAL;1;5,20
17;70449;Gabriel;GOL;VIT;1;0,00
17;109401;Erick Pulga;ATA;BAH;1;7,70
17;98517;Jean Lucas;MEI;BAH;1;1,60
17;123869;Aguirre;ZAG;CAP;1;3,80
17;111683;Anthoni;GOL;INT;1;0,60
17;92180;Jair Ventura;TEC;VIT;1;7,26
17;83528;Léo Pereira;ZAG;FLA;1;2,80
17;104811;Sebastián Gómez;MEI;CFC;1;6,20
17;89256;Gerson;MEI;CRU;1;2,10
17;87008;Léo Jardim;GOL;VAS;1;7,40
17;90061;Bruno Pacheco;LAT;CHA;1;12,00
17;91101;Ronaldo;GOL;BAH;1;0,00
17;142257;Luis Eduardo;ZAG;GRE;1;-0,30
17;99440;Baralhas;MEI;VIT;1;-0,70
17;84339;Bruno Melo;LAT;CFC;1;9,50
17;92273;Odair Hellmann;TEC;CAP;1;6,90
17;101908;Willian Machado;ZAG;MIR;1;10,40
17;95556;Raniele;MEI;COR;1;3,20
17;113034;Freytes;ZAG;FLU;1;0,50
17;68708;Eduardo;MEI;MIR;1;0,50
17;106708;Igor Formiga;LAT;MIR;1;0,00
17;126977;Fernando Seabra;TEC;CFC;1;6,25
17;82628;Tinga;LAT;CFC;1;0,00
17;100987;Nonato;MEI;FLU;1;-0,10
17;132071;Serna;ATA;FLU;1;1,90
17;132580;Vinicinho;ATA;RBB;1;0,00
17;98280;Bastos;ZAG;BOT;1;0,00
17;99889;Alan Franco;ZAG;SAO;1;1,30
17;42500;Fagner;LAT;CRU;1;-0,30
17;39850;Vagner Mancini;TEC;RBB;1;10,21
17;145404;Arthur;LAT;PAL;1;10,40
17;112863;Ramón Sosa;ATA;PAL;1;0,00
17;105531;Matheus Bidu;LAT;COR;1;8,50
17;70666;Marllon;ZAG;REM;1;2,70
17;97460;João Victor;ZAG;MIR;1;5,90
17;117910;Breno Bidon;MEI;COR;1;0,60
17;90532;Arthur Melo;MEI;GRE;1;1,00
17;98672;Savarino;MEI;FLU;1;0,00
17;111309;Gustavo Martins;ZAG;GRE;1;0,00
17;121824;Kayke;ATA;COR;1;0,00
17;84626;Josué;MEI;CFC;1;6,90
17;113113;Benavídez;LAT;CAP;1;0,40
18;94583;Pedro;ATA;FLA;45;20,40
18;143193;Viveros;ATA;CAP;43;10,90
18;141451;Allan;MEI;PAL;42;-2,10
18;96610;Matheus Pereira;MEI;CRU;38;15,80
18;97653;Murilo;ZAG;PAL;33;5,20
18;110506;Abel Ferreira;TEC;PAL;28;7,65
18;97867;Léo Ortiz;ZAG;FLA;28;5,00
18;94968;Juninho Capixaba;LAT;RBB;24;10,20
18;70592;Felipe Anderson;MEI;PAL;21;7,80
18;116065;Cuiabano;LAT;VAS;15;12,00
18;98873;Samuel Lino;ATA;FLA;14;26,00
18;145404;Arthur;LAT;PAL;13;6,30
18;83257;Gabriel;ATA;SAN;13;6,00
18;99552;Rossi;GOL;FLA;13;7,60
18;112709;Kaiki Bruno;LAT;OUT;13;7,10
18;72018;Tiago Volpi;GOL;RBB;13;8,30
18;104502;Christian;MEI;OUT;13;2,70
18;88963;Leonardo Jardim;TEC;FLA;11;10,20
18;130843;Arthur Dias;ZAG;CAP;10;3,70
18;68872;Marcelo Lomba;GOL;PAL;10;8,90
18;126471;Barreal;MEI;SAN;9;10,90
18;88393;Ayrton Lucas;LAT;FLA;8;12,30
18;130612;Luighi;ATA;PAL;8;3,40
18;117632;Garro;MEI;COR;8;4,60
18;104085;Bruno Fuchs;ZAG;PAL;7;9,50
18;105563;Carlos Vinícius;ATA;GRE;6;2,00
18;96870;Emerson Royal;LAT;FLA;6;8,60
18;90285;Bruno Henrique;ATA;FLA;4;4,50
18;98672;Savarino;MEI;FLU;4;0,90
18;78248;Gustavo Henrique;ZAG;COR;4;0,20
18;93368;Lucas Veríssimo;ZAG;SAN;4;2,90
18;113113;Benavídez;LAT;CAP;4;5,20
18;92273;Odair Hellmann;TEC;CAP;3;9,85
18;124912;Jonathan Jesus;ZAG;CRU;3;6,80
18;69012;Santos;GOL;CAP;3;8,90
18;71123;Thiago Mendes;MEI;VAS;2;5,00
18;141754;Gabriel Bontempo;MEI;SAN;2;-0,30
18;68928;Rafael;GOL;SAO;2;0,30
18;39850;Vagner Mancini;TEC;RBB;2;6,18
18;97900;Vitão;ZAG;FLA;2;5,50
18;125467;Viery;ZAG;OUT;2;6,40
18;51772;Everton Ribeiro;MEI;BAH;2;3,10
18;111682;Adson;MEI;VAS;2;4,70
18;113103;Flaco López;ATA;PAL;2;0,00
18;105213;Sant'Anna;LAT;RBB;2;4,40
18;127273;Artur Jorge;TEC;CRU;2;5,44
18;110668;Esquivel;LAT;CAP;2;6,50
18;100652;Yuri Alberto;ATA;COR;2;14,50
18;104084;Carlos Miguel;GOL;PAL;2;0,00
18;104191;Raul;GOL;BOT;1;7,10
18;103056;Gabriel Brazão;GOL;SAN;1;8,90
18;108133;Isidro Pitta;ATA;RBB;1;5,90
18;72294;Everson;GOL;CAM;1;14,60
18;101574;Hugo Souza;GOL;COR;1;0,30
18;147192;Claudinho;LAT;CAP;1;16,90
18;90031;Mendoza;ATA;CAP;1;4,70
18;80129;Jadson;MEI;CAP;1;2,80
18;110759;John Kennedy;ATA;FLU;1;10,00
18;110426;Bernabei;LAT;INT;1;0,00
18;90061;Bruno Pacheco;LAT;CHA;1;1,50
18;89837;Lucho Acosta;MEI;FLU;1;2,70
18;104027;Rafael Guanaes;TEC;MIR;1;2,87
18;116706;Andrés Gómez;ATA;VAS;1;0,00
18;90768;Fabrício Bruno;ZAG;CRU;1;-1,30
18;87008;Léo Jardim;GOL;VAS;1;4,20
18;42411;Cuca;TEC;SAN;1;7,36
18;117330;Robert Renan;ZAG;VAS;1;-0,30
18;99818;Paulinho;ATA;PAL;1;8,00
18;102975;Escobar;LAT;SAN;1;5,40
18;93790;Marlon Freitas;MEI;PAL;1;2,30
18;78850;Reinaldo;LAT;MIR;1;0,00
18;91101;Ronaldo;GOL;BAH;1;4,20
18;95799;Artur;ATA;SAO;1;3,70
18;82775;Lucas Ramon;LAT;SAO;1;2,10
18;95556;Raniele;MEI;COR;1;2,80
18;106708;Igor Formiga;LAT;MIR;1;0,00
18;132071;Serna;ATA;FLU;1;10,40
18;126977;Fernando Seabra;TEC;CFC;1;2,51
18;101908;Willian Machado;ZAG;MIR;1;1,20
18;132580;Vinicinho;ATA;RBB;1;0,00
18;51413;Walter;GOL;MIR;1;0,30
18;113034;Freytes;ZAG;FLU;1;0,00
18;100987;Nonato;MEI;FLU;1;0,00
18;68708;Eduardo;MEI;MIR;1;-1,00
18;82628;Tinga;LAT;CFC;1;0,00
18;98280;Bastos;ZAG;BOT;1;0,00
18;99889;Alan Franco;ZAG;OUT;1;0,50
18;42500;Fagner;LAT;CRU;1;2,70
18;112863;Ramón Sosa;ATA;PAL;1;0,00
18;99815;Arias;MEI;PAL;1;0,00
18;97095;Carlos Cuesta;ZAG;VAS;1;-0,60
18;101254;Alef Manga;ATA;REM;1;5,40
18;111309;Gustavo Martins;ZAG;GRE;1;0,00
18;72391;Fernando Diniz;TEC;COR;1;7,58
18;90532;Arthur Melo;MEI;OUT;1;4,40
18;100848;Luan Cândido;LAT;VIT;1;3,70
18;117910;Breno Bidon;MEI;COR;1;4,70
18;101727;Matheuzinho;LAT;COR;1;5,20
18;121824;Kayke;ATA;COR;1;0,00
18;125926;Zapelli;MEI;CAP;1;0,00
19;99815;Arias;MEI;PAL;45;5,40
19;94583;Pedro;ATA;FLA;42;18,80
19;100652;Yuri Alberto;ATA;COR;41;19,90
19;105531;Matheus Bidu;LAT;COR;36;9,70
19;78248;Gustavo Henrique;ZAG;COR;34;6,20
19;98873;Samuel Lino;ATA;FLA;34;11,60
19;88963;Leonardo Jardim;TEC;FLA;31;10,98
19;96610;Matheus Pereira;MEI;CRU;30;13,90
19;99552;Rossi;GOL;FLA;22;8,90
19;97653;Murilo;ZAG;PAL;22;1,20
19;117910;Breno Bidon;MEI;COR;22;7,00
19;110426;Bernabei;LAT;INT;18;3,10
19;84735;Jorginho;MEI;FLA;15;2,50
19;83528;Léo Pereira;ZAG;FLA;15;5,00
19;104084;Carlos Miguel;GOL;PAL;14;6,00
19;89274;Andreas Pereira;MEI;PAL;10;3,00
19;101727;Matheuzinho;LAT;COR;9;11,60
19;82775;Lucas Ramon;LAT;SAO;8;5,00
19;112863;Ramón Sosa;ATA;PAL;7;13,90
19;105647;Maurício;MEI;PAL;6;21,40
19;71684;Gustavo Gómez;ZAG;PAL;6;2,70
19;101574;Hugo Souza;GOL;COR;6;5,00
19;72391;Fernando Diniz;TEC;COR;6;10,48
19;105175;Khellven;LAT;PAL;5;3,20
19;110506;Abel Ferreira;TEC;PAL;5;7,74
19;96591;Renan Lodi;LAT;CAM;5;3,40
19;97900;Vitão;ZAG;FLA;5;5,00
19;91573;Arboleda;ZAG;SAO;5;4,50
19;90285;Bruno Henrique;ATA;FLA;4;7,20
19;107873;Bobadilla;MEI;SAO;4;1,20
19;118844;Kaio César;ATA;COR;4;16,70
19;145744;André;MEI;COR;4;5,00
19;68928;Rafael;GOL;SAO;3;0,60
19;80287;Luciano;ATA;SAO;3;3,70
19;80570;Wendell;LAT;SAO;3;4,60
19;69208;Gabriel Paulista;ZAG;COR;3;5,20
19;106907;Rafael Lacerda;TEC;CHA;2;3,52
19;40990;Dorival Júnior;TEC;SAO;2;4,17
19;95799;Artur;ATA;SAO;2;8,50
19;116034;Victor Hugo;MEI;CAM;2;0,50
19;89840;Calleri;ATA;SAO;2;2,60
19;145404;Arthur;LAT;PAL;2;0,00
19;104502;Christian;MEI;OUT;2;0,00
19;84816;Varela;LAT;FLA;2;0,00
19;117404;Otávio;GOL;CRU;2;1,60
19;93790;Marlon Freitas;MEI;PAL;1;6,40
19;84339;Bruno Melo;LAT;CFC;1;0,50
19;115479;Paulo Pezzolano;TEC;INT;1;3,60
19;105990;Santiago Mingo;ZAG;BAH;1;0,80
19;104470;Everton;LAT;CHA;1;3,90
19;124912;Jonathan Jesus;ZAG;CRU;1;2,60
19;127273;Artur Jorge;TEC;CRU;1;7,65
19;102130;Piquerez;LAT;PAL;1;7,50
19;69012;Santos;GOL;CAP;1;1,60
19;130843;Arthur Dias;ZAG;CAP;1;-0,40
19;98022;Erick;MEI;BAH;1;1,50
19;107554;Natanael;LAT;CAM;1;4,20
19;103445;Kaio Jorge;ATA;CRU;1;10,90
19;94968;Juninho Capixaba;LAT;RBB;1;0,00
19;99818;Paulinho;ATA;PAL;1;0,00
19;143193;Viveros;ATA;CAP;1;1,20
19;141451;Allan;MEI;PAL;1;0,00
19;117330;Robert Renan;ZAG;VAS;1;0,00
19;97899;Matheus Bahia;LAT;INT;1;9,50
19;106294;Marcos Antônio;MEI;SAO;1;3,60
19;98909;Cuello;ATA;CAM;1;5,30
19;101908;Willian Machado;ZAG;MIR;1;0,00
19;68708;Eduardo;MEI;MIR;1;0,00
19;132071;Serna;ATA;FLU;1;0,00
19;51413;Walter;GOL;MIR;1;0,00
19;106708;Igor Formiga;LAT;MIR;1;0,00
19;126977;Fernando Seabra;TEC;CFC;1;4,47
19;95556;Raniele;MEI;COR;1;0,00
19;100987;Nonato;MEI;FLU;1;0,00
19;82628;Tinga;LAT;CFC;1;0,00
19;113034;Freytes;ZAG;FLU;1;0,00
19;132580;Vinicinho;ATA;RBB;1;0,00
19;72460;Bernard;MEI;CAM;1;9,70
19;113103;Flaco López;ATA;PAL;1;0,00
19;98280;Bastos;ZAG;OUT;1;0,00
19;117632;Garro;MEI;COR;1;0,00
19;42500;Fagner;LAT;CRU;1;13,40
19;99889;Alan Franco;ZAG;OUT;1;0,00
19;39850;Vagner Mancini;TEC;RBB;1;0,00
19;91101;Ronaldo;GOL;BAH;1;2,90
19;72951;Mercado;ZAG;INT;1;3,00
19;100842;Ruan;ZAG;CAM;1;9,50
19;84674;Lucas Evangelista;MEI;PAL;1;0,00
19;111309;Gustavo Martins;ZAG;GRE;1;0,00
19;100848;Luan Cândido;LAT;VIT;1;0,00
19;121824;Kayke;ATA;COR;1;0,00
19;90532;Arthur Melo;MEI;OUT;1;0,00
19;105563;Carlos Vinícius;ATA;GRE;1;0,00
19;98672;Savarino;MEI;FLU;1;0,00
19;94154;Maycon;MEI;CAM;1;1,50
20;63007;Neymar;MEI;SAN;43;22,80
20;99815;Arias;MEI;PAL;41;20,40
20;143193;Viveros;ATA;CAP;41;19,20
20;42411;Cuca;TEC;SAN;34;6,21
20;94968;Juninho Capixaba;LAT;RBB;32;5,60
20;126471;Barreal;MEI;SAN;30;8,20
20;93368;Lucas Veríssimo;ZAG;SAN;30;1,90
20;83257;Gabriel;ATA;SAN;29;2,00
20;116065;Cuiabano;LAT;VAS;27;3,90
20;71684;Gustavo Gómez;ZAG;PAL;22;3,10
20;103445;Kaio Jorge;ATA;CRU;20;3,10
20;98873;Samuel Lino;ATA;FLA;19;8,90
20;104084;Carlos Miguel;GOL;PAL;16;0,60
20;97653;Murilo;ZAG;PAL;14;1,80
20;103056;Gabriel Brazão;GOL;SAN;13;0,60
20;102975;Escobar;LAT;SAN;12;4,70
20;83528;Léo Pereira;ZAG;FLA;11;7,70
20;102130;Piquerez;LAT;PAL;10;2,00
20;72018;Tiago Volpi;GOL;RBB;8;7,60
20;105647;Maurício;MEI;PAL;7;2,00
20;145563;João Ananias;ZAG;SAN;7;2,20
20;116706;Andrés Gómez;ATA;VAS;6;13,40
20;104027;Rafael Guanaes;TEC;MIR;5;4,08
20;105563;Carlos Vinícius;ATA;GRE;5;3,50
20;94583;Pedro;ATA;FLA;5;1,70
20;39850;Vagner Mancini;TEC;RBB;5;5,31
20;112886;Lucas Barbosa;ATA;RBB;5;3,50
20;99552;Rossi;GOL;FLA;5;-1,00
20;117632;Garro;MEI;COR;5;1,70
20;102256;Rollheiser;MEI;SAN;4;1,00
20;89837;Lucho Acosta;MEI;FLU;4;-0,30
20;95466;Igor Vinícius;LAT;SAN;4;1,40
20;99818;Paulinho;ATA;PAL;3;3,30
20;124912;Jonathan Jesus;ZAG;CRU;3;2,40
20;117404;Otávio;GOL;CRU;3;1,60
20;147192;Claudinho;LAT;CAP;3;5,90
20;84735;Jorginho;MEI;FLA;3;5,70
20;110750;Gustavo Marques;ZAG;RBB;3;4,00
20;100652;Yuri Alberto;ATA;COR;3;-0,60
20;141754;Gabriel Bontempo;MEI;SAN;2;5,80
20;110668;Esquivel;LAT;CAP;2;7,60
20;123101;Leozinho;ATA;CAP;2;15,10
20;51413;Walter;GOL;MIR;2;0,60
20;122321;Lorran;MEI;FLA;2;3,90
20;39148;Hulk;ATA;FLU;2;10,30
20;78248;Gustavo Henrique;ZAG;COR;2;3,00
20;69012;Santos;GOL;CAP;2;10,20
20;90768;Fabrício Bruno;ZAG;CRU;2;1,20
20;101254;Alef Manga;ATA;REM;1;10,60
20;89274;Andreas Pereira;MEI;PAL;1;1,70
20;88963;Leonardo Jardim;TEC;FLA;1;4,93
20;90285;Bruno Henrique;ATA;FLA;1;3,20
20;123869;Aguirre;ZAG;CAP;1;4,10
20;110715;Andrés Hurtado;LAT;RBB;1;6,20
20;97095;Carlos Cuesta;ZAG;VAS;1;-0,30
20;105300;Ferraresi;ZAG;BOT;1;3,90
20;101319;Guga;LAT;FLU;1;0,20
20;87008;Léo Jardim;GOL;VAS;1;1,60
20;111682;Adson;MEI;VAS;1;3,50
20;145744;André;MEI;COR;1;4,70
20;110506;Abel Ferreira;TEC;PAL;1;5,02
20;132071;Serna;ATA;FLU;1;2,90
20;101908;Willian Machado;ZAG;MIR;1;0,00
20;100987;Nonato;MEI;FLU;1;1,20
20;82628;Tinga;LAT;CFC;1;7,00
20;126977;Fernando Seabra;TEC;CFC;1;5,55
20;106708;Igor Formiga;LAT;MIR;1;13,30
20;95556;Raniele;MEI;COR;1;3,20
20;68708;Eduardo;MEI;MIR;1;0,80
20;113034;Freytes;ZAG;FLU;1;2,00
20;132580;Vinicinho;ATA;RBB;1;0,00
20;99889;Alan Franco;ZAG;OUT;1;0,00
20;113103;Flaco López;ATA;PAL;1;0,00
20;112863;Ramón Sosa;ATA;PAL;1;0,00
20;98280;Bastos;ZAG;OUT;1;0,00
20;96610;Matheus Pereira;MEI;CRU;1;0,00
20;145404;Arthur;LAT;PAL;1;0,50
20;42500;Fagner;LAT;CRU;1;-0,80
20;128177;Pedro Emanuel;TEC;VAS;1;4,31
20;122485;Barros;MEI;VAS;1;2,60
20;117910;Breno Bidon;MEI;COR;1;-1,10
20;90532;Arthur Melo;MEI;OUT;1;0,00
20;98672;Savarino;MEI;FLU;1;0,00
20;111309;Gustavo Martins;ZAG;GRE;1;1,50
20;100848;Luan Cândido;LAT;VIT;1;0,50
20;121824;Kayke;ATA;COR;1;0,00
20;104502;Christian;MEI;OUT;1;0,00
20;101727;Matheuzinho;LAT;COR;1;2,40
20;72391;Fernando Diniz;TEC;COR;1;3,28
20;92273;Odair Hellmann;TEC;CAP;1;9,45
21;99815;Arias;MEI;PAL;43;17,70
21;96610;Matheus Pereira;MEI;CRU;42;15,20
21;39148;Hulk;ATA;FLU;34;3,20
21;78850;Reinaldo;LAT;MIR;30;7,00
21;100652;Yuri Alberto;ATA;COR;26;3,50
21;87863;Arrascaeta;MEI;FLA;26;1,80
21;71684;Gustavo Gómez;ZAG;PAL;26;6,50
21;99552;Rossi;GOL;FLA;26;4,20
21;88963;Leonardo Jardim;TEC;FLA;25;3,20
21;94583;Pedro;ATA;FLA;23;1,90
21;98873;Samuel Lino;ATA;FLA;21;10,20
21;106708;Igor Formiga;LAT;MIR;21;3,20
21;101727;Matheuzinho;LAT;COR;20;11,70
21;97653;Murilo;ZAG;PAL;16;5,90
21;113103;Flaco López;ATA;PAL;16;2,20
21;104084;Carlos Miguel;GOL;PAL;12;8,90
21;118844;Kaio César;ATA;COR;12;2,80
21;117632;Garro;MEI;COR;12;0,40
21;104027;Rafael Guanaes;TEC;MIR;11;5,56
21;83528;Léo Pereira;ZAG;FLA;10;1,00
21;89837;Lucho Acosta;MEI;FLU;9;4,70
21;99274;Alexander Barboza;ZAG;PAL;9;4,40
21;78248;Gustavo Henrique;ZAG;COR;8;0,00
21;37656;Fábio;GOL;FLU;6;5,00
21;102130;Piquerez;LAT;PAL;6;13,70
21;37715;Thiago Silva;ZAG;FLU;6;5,80
21;124912;Jonathan Jesus;ZAG;CRU;6;7,40
21;113034;Freytes;ZAG;FLU;5;5,20
21;98672;Savarino;MEI;FLU;5;1,30
21;102928;Canobbio;ATA;FLU;5;4,90
21;110506;Abel Ferreira;TEC;PAL;5;9,38
21;78445;Renê;LAT;FLU;4;9,20
21;97460;João Victor;ZAG;MIR;4;12,50
21;105436;Carrascal;MEI;FLA;3;3,70
21;72391;Fernando Diniz;TEC;COR;3;5,09
21;89275;William;LAT;CRU;3;10,20
21;97878;Jacy;ZAG;CFC;3;0,50
21;99366;Luis Zubeldía;TEC;FLU;3;7,95
21;105647;Maurício;MEI;PAL;3;8,40
21;105175;Khellven;LAT;PAL;2;5,00
21;103445;Kaio Jorge;ATA;CRU;2;0,00
21;84816;Varela;LAT;FLA;2;-0,30
21;84735;Jorginho;MEI;FLA;2;4,10
21;104204;Edson Carioca;ATA;MIR;2;3,30
21;117061;Gabriel Knesowitsch;ZAG;MIR;2;-1,60
21;122660;Japa;MEI;MIR;2;3,60
21;97900;Vitão;ZAG;FLA;1;-0,10
21;117404;Otávio;GOL;CRU;1;8,10
21;103967;Bruno Santos;ATA;MIR;1;-0,30
21;69208;Gabriel Paulista;ZAG;COR;1;0,00
21;72279;Thomazella;GOL;MIR;1;0,30
21;78855;Thiago Santos;ZAG;CFC;1;0,10
21;125803;Pedro Morisco;GOL;CFC;1;4,20
21;101574;Hugo Souza;GOL;COR;1;7,80
21;84626;Josué;MEI;CFC;1;4,20
21;145744;André;MEI;COR;1;0,00
21;93368;Lucas Veríssimo;ZAG;SAN;1;0,00
21;94968;Juninho Capixaba;LAT;RBB;1;0,00
21;103056;Gabriel Brazão;GOL;SAN;1;0,00
21;63007;Neymar;MEI;SAN;1;0,00
21;107093;Luciano Juba;LAT;BAH;1;9,20
21;143193;Viveros;ATA;CAP;1;2,20
21;127273;Artur Jorge;TEC;CRU;1;7,65
21;123648;Lucas Ronier;ATA;CFC;1;7,50
21;82628;Tinga;LAT;CFC;1;4,70
21;95556;Raniele;MEI;COR;1;6,90
21;126977;Fernando Seabra;TEC;CFC;1;2,70
21;101908;Willian Machado;ZAG;MIR;1;1,50
21;51413;Walter;GOL;MIR;1;0,00
21;100987;Nonato;MEI;FLU;1;2,70
21;68708;Eduardo;MEI;MIR;1;0,50
21;132071;Serna;ATA;FLU;1;0,00
21;132580;Vinicinho;ATA;RBB;1;0,00
21;98280;Bastos;ZAG;OUT;1;0,00
21;112863;Ramón Sosa;ATA;PAL;1;9,40
21;42500;Fagner;LAT;CRU;1;0,00
21;145404;Arthur;LAT;PAL;1;0,00
21;39850;Vagner Mancini;TEC;RBB;1;0,00
21;99889;Alan Franco;ZAG;OUT;1;0,00
21;100848;Luan Cândido;LAT;VIT;1;-3,00
21;117910;Breno Bidon;MEI;COR;1;0,00
21;105563;Carlos Vinícius;ATA;GRE;1;0,00
21;131832;Portilla;MEI;CAP;1;1,70
21;90768;Fabrício Bruno;ZAG;CRU;1;6,50
22;87863;Arrascaeta;MEI;FLA;43;6,40
22;99815;Arias;MEI;PAL;43;7,70
22;98873;Samuel Lino;ATA;FLA;40;7,40
22;96610;Matheus Pereira;MEI;CRU;34;2,20
22;107093;Luciano Juba;LAT;BAH;30;4,70
22;102130;Piquerez;LAT;PAL;29;8,00
22;83528;Léo Pereira;ZAG;FLA;28;12,70
22;88963;Leonardo Jardim;TEC;FLA;28;8,96
22;103445;Kaio Jorge;ATA;CRU;27;8,50
22;113103;Flaco López;ATA;PAL;27;0,50
22;97653;Murilo;ZAG;PAL;20;5,70
22;97867;Léo Ortiz;ZAG;FLA;18;7,00
22;99552;Rossi;GOL;FLA;14;6,30
22;104084;Carlos Miguel;GOL;PAL;12;8,10
22;72018;Tiago Volpi;GOL;RBB;12;-0,70
22;105563;Carlos Vinícius;ATA;GRE;11;7,90
22;94968;Juninho Capixaba;LAT;RBB;11;5,70
22;84626;Josué;MEI;CFC;11;6,30
22;126977;Fernando Seabra;TEC;CFC;10;5,65
22;124912;Jonathan Jesus;ZAG;CRU;10;2,30
22;97878;Jacy;ZAG;CFC;9;1,90
22;93988;Breno Lopes;ATA;CFC;8;3,70
22;90302;Pedro Rocha;ATA;CFC;7;9,60
22;94583;Pedro;ATA;FLA;7;-0,30
22;105647;Maurício;MEI;PAL;6;2,40
22;143193;Viveros;ATA;CAP;6;17,90
22;110506;Abel Ferreira;TEC;PAL;6;6,31
22;82628;Tinga;LAT;CFC;5;5,30
22;125803;Pedro Morisco;GOL;CFC;4;1,60
22;100652;Yuri Alberto;ATA;COR;3;0,00
22;99274;Alexander Barboza;ZAG;PAL;3;9,70
22;104027;Rafael Guanaes;TEC;MIR;2;2,50
22;78850;Reinaldo;LAT;MIR;2;8,00
22;101727;Matheuzinho;LAT;COR;2;18,50
22;118844;Kaio César;ATA;COR;2;2,90
22;84735;Jorginho;MEI;FLA;2;3,70
22;84816;Varela;LAT;FLA;2;8,30
22;103056;Gabriel Brazão;GOL;SAN;2;0,60
22;106708;Igor Formiga;LAT;MIR;2;1,50
22;112886;Lucas Barbosa;ATA;RBB;2;2,80
22;141451;Allan;MEI;PAL;2;3,30
22;39850;Vagner Mancini;TEC;RBB;2;3,09
22;78248;Gustavo Henrique;ZAG;COR;2;5,00
22;113034;Freytes;ZAG;FLU;2;0,00
22;105436;Carrascal;MEI;FLA;1;14,50
22;39148;Hulk;ATA;FLU;1;1,60
22;89837;Lucho Acosta;MEI;FLU;1;1,50
22;97900;Vitão;ZAG;FLA;1;0,00
22;108683;Emiliano Martínez;MEI;PAL;1;5,90
22;93716;Paulo Henrique;LAT;VAS;1;7,50
22;147090;Kauã Pascini;LAT;CAM;1;5,00
22;84558;Lucas Romero;MEI;CRU;1;2,90
22;80287;Luciano;ATA;SAO;1;3,40
22;101290;Ferreira;ATA;SAO;1;7,40
22;72493;Alex Telles;LAT;BOT;1;10,30
22;103562;Guido Herrera;GOL;BAH;1;0,00
22;87225;Pedro Henrique;ZAG;RBB;1;4,30
22;107231;Danilo;MEI;BOT;1;7,10
22;78855;Thiago Santos;ZAG;CFC;1;2,30
22;110698;Mycael;GOL;CAP;1;7,60
22;97101;Gabriel Rojas;LAT;CRU;1;0,50
22;61987;Alex Sandro;LAT;FLA;1;0,00
22;106950;Fernando;LAT;CHA;1;1,20
22;92171;Arthur Cabral;ATA;BOT;1;4,60
22;142890;Montoro;MEI;BOT;1;3,40
22;102906;Anderson;GOL;CHA;1;0,60
22;123869;Aguirre;ZAG;CAP;1;8,00
22;82730;Marcelo Rangel;GOL;REM;1;-2,00
22;117404;Otávio;GOL;CRU;1;1,60
22;105047;João Marcelo;ZAG;CRU;1;10,40
22;91573;Arboleda;ZAG;SAO;1;0,40
22;98225;Pedro Raul;ATA;COR;1;10,50
22;84339;Bruno Melo;LAT;CFC;1;-0,80
22;91772;David Duarte;ZAG;BAH;1;8,00
22;95556;Raniele;MEI;COR;1;3,50
22;132071;Serna;ATA;FLU;1;7,90
22;51413;Walter;GOL;MIR;1;0,00
22;101908;Willian Machado;ZAG;MIR;1;0,00
22;68708;Eduardo;MEI;MIR;1;0,80
22;100987;Nonato;MEI;FLU;1;2,80
22;132580;Vinicinho;ATA;RBB;1;3,00
22;145404;Arthur;LAT;PAL;1;0,00
22;99889;Alan Franco;ZAG;OUT;1;0,00
22;98280;Bastos;ZAG;OUT;1;0,00
22;42500;Fagner;LAT;CRU;1;11,10
22;112863;Ramón Sosa;ATA;PAL;1;-0,40
22;117632;Garro;MEI;COR;1;9,30
22;132412;Román Gómez;LAT;BAH;1;8,90
22;72391;Fernando Diniz;TEC;COR;1;8,00
22;117910;Breno Bidon;MEI;COR;1;2,90
22;98672;Savarino;MEI;FLU;1;3,00
22;100848;Luan Cândido;LAT;VIT;1;0,00
22;131832;Portilla;MEI;CAP;1;0,00
22;97341;Rogério Ceni;TEC;BAH;1;5,96
22;98517;Jean Lucas;MEI;BAH;1;3,50
22;103523;Ignácio;ZAG;FLU;1;12,70
23;110426;Bernabei;LAT;INT;43;3,20
23;99815;Arias;MEI;PAL;41;0,90
23;68685;Alan Patrick;MEI;INT;40;1,50
23;143193;Viveros;ATA;CAP;39;7,40
23;91573;Arboleda;ZAG;SAO;35;1,50
23;63007;Neymar;MEI;SAN;32;8,40
23;94583;Pedro;ATA;FLA;27;20,20
23;92273;Odair Hellmann;TEC;CAP;22;5,75
23;123869;Aguirre;ZAG;CAP;19;0,60
23;107989;Carbonero;ATA;INT;17;12,00
23;113103;Flaco López;ATA;PAL;17;8,50
23;115479;Paulo Pezzolano;TEC;INT;16;4,37
23;130843;Arthur Dias;ZAG;CAP;16;1,70
23;106822;Rodrigo Nestor;MEI;BAH;16;5,30
23;96591;Renan Lodi;LAT;CAM;12;14,00
23;104118;Lucas Arcanjo;GOL;VIT;12;8,90
23;104084;Carlos Miguel;GOL;PAL;10;0,90
23;98873;Samuel Lino;ATA;FLA;10;11,90
23;91772;David Duarte;ZAG;BAH;8;2,50
23;99552;Rossi;GOL;FLA;8;4,20
23;97653;Murilo;ZAG;PAL;7;3,60
23;80287;Luciano;ATA;SAO;7;4,70
23;69012;Santos;GOL;CAP;6;4,20
23;111690;Matheus Cunha;GOL;INT;6;2,10
23;89840;Calleri;ATA;SAO;6;0,80
23;102130;Piquerez;LAT;PAL;6;3,70
23;116706;Andrés Gómez;ATA;VAS;6;2,90
23;80313;Gilberto;LAT;CAP;5;6,90
23;101727;Matheuzinho;LAT;COR;4;7,40
23;141451;Allan;MEI;PAL;4;4,10
23;107093;Luciano Juba;LAT;BAH;4;0,00
23;82775;Lucas Ramon;LAT;SAO;4;-0,80
23;132412;Román Gómez;LAT;BAH;4;4,30
23;100652;Yuri Alberto;ATA;COR;3;0,00
23;113113;Benavídez;LAT;CAP;3;4,70
23;130209;Renê;ATA;VIT;3;2,30
23;91101;Ronaldo;GOL;BAH;3;-3,00
23;87863;Arrascaeta;MEI;FLA;2;5,00
23;39148;Hulk;ATA;FLU;2;11,30
23;104027;Rafael Guanaes;TEC;MIR;2;3,20
23;118844;Kaio César;ATA;COR;2;3,90
23;88393;Ayrton Lucas;LAT;FLA;2;10,30
23;97341;Rogério Ceni;TEC;BAH;2;5,21
23;40990;Dorival Júnior;TEC;SAO;2;3,47
23;88963;Leonardo Jardim;TEC;FLA;2;11,64
23;71684;Gustavo Gómez;ZAG;PAL;2;10,20
23;98672;Savarino;MEI;FLU;2;0,00
23;72493;Alex Telles;LAT;BOT;2;2,70
23;117910;Breno Bidon;MEI;COR;2;2,70
23;113034;Freytes;ZAG;FLU;2;0,00
23;97900;Vitão;ZAG;FLA;1;0,00
23;78850;Reinaldo;LAT;MIR;1;7,20
23;89837;Lucho Acosta;MEI;FLU;1;-1,30
23;105436;Carrascal;MEI;FLA;1;24,90
23;106294;Marcos Antônio;MEI;SAO;1;1,50
23;97899;Matheus Bahia;LAT;INT;1;10,30
23;107231;Danilo;MEI;BOT;1;3,50
23;123101;Leozinho;ATA;CAP;1;2,80
23;124912;Jonathan Jesus;ZAG;CRU;1;5,90
23;89274;Andreas Pereira;MEI;PAL;1;0,00
23;72294;Everson;GOL;CAM;1;6,30
23;93790;Marlon Freitas;MEI;PAL;1;4,20
23;130048;Noriega;ZAG;GRE;1;1,70
23;72951;Mercado;ZAG;INT;1;2,70
23;89493;Igor Rabello;ZAG;FLU;1;4,50
23;133543;Gui Negão;ATA;COR;1;2,00
23;71123;Thiago Mendes;MEI;VAS;1;5,20
23;97095;Carlos Cuesta;ZAG;VAS;1;1,70
23;105584;Lucas Piton;LAT;VAS;1;2,40
23;128177;Pedro Emanuel;TEC;VAS;1;2,70
23;68872;Marcelo Lomba;GOL;PAL;1;0,00
23;106708;Igor Formiga;LAT;MIR;1;0,90
23;126977;Fernando Seabra;TEC;CFC;1;4,41
23;101908;Willian Machado;ZAG;MIR;1;3,60
23;51413;Walter;GOL;MIR;1;-2,40
23;68708;Eduardo;MEI;MIR;1;5,00
23;132071;Serna;ATA;FLU;1;9,50
23;95556;Raniele;MEI;COR;1;0,00
23;82628;Tinga;LAT;CFC;1;0,00
23;100987;Nonato;MEI;FLU;1;0,00
23;132580;Vinicinho;ATA;RBB;1;3,40
23;39850;Vagner Mancini;TEC;RBB;1;5,91
23;117632;Garro;MEI;COR;1;10,20
23;96610;Matheus Pereira;MEI;CRU;1;2,80
23;42500;Fagner;LAT;CRU;1;6,70
23;145404;Arthur;LAT;PAL;1;2,50
23;112863;Ramón Sosa;ATA;PAL;1;2,00
23;98280;Bastos;ZAG;OUT;1;0,00
23;99889;Alan Franco;ZAG;OUT;1;0,00
23;101574;Hugo Souza;GOL;COR;1;3,20
23;83528;Léo Pereira;ZAG;FLA;1;1,50
23;105647;Maurício;MEI;PAL;1;8,50
23;78248;Gustavo Henrique;ZAG;COR;1;10,00
23;131832;Portilla;MEI;CAP;1;0,00
23;100848;Luan Cândido;LAT;VIT;1;9,00
23;105563;Carlos Vinícius;ATA;GRE;1;0,60
23;72391;Fernando Diniz;TEC;COR;1;5,45
23;98617;Maripán;ZAG;INT;1;1,70
23;106202;Bruno Gomes;MEI;INT;1;2,70
23;110708;Pedro Rangel;GOL;CFC;1;0,00
23;98517;Jean Lucas;MEI;BAH;1;9,30
23;84816;Varela;LAT;FLA;1;2,00
23;93988;Breno Lopes;ATA;CFC;1;6,30
24;99815;Arias;MEI;PAL;46;6,50
24;113103;Flaco López;ATA;PAL;41;22,80
24;63007;Neymar;MEI;SAN;40;12,40
24;39148;Hulk;ATA;FLU;38;14,80
24;71684;Gustavo Gómez;ZAG;PAL;35;1,20
24;110426;Bernabei;LAT;INT;32;10,00
24;110506;Abel Ferreira;TEC;PAL;28;10,37
24;104084;Carlos Miguel;GOL;PAL;23;2,90
24;103523;Ignácio;ZAG;FLU;19;3,80
24;114802;Vitor Roque;ATA;PAL;18;13,00
24;99274;Alexander Barboza;ZAG;PAL;18;6,00
24;94968;Juninho Capixaba;LAT;RBB;17;8,20
24;78445;Renê;LAT;FLU;15;7,50
24;73384;Samuel Xavier;LAT;FLU;10;0,90
24;126471;Barreal;MEI;SAN;10;19,50
24;37656;Fábio;GOL;FLU;10;-1,00
24;102928;Canobbio;ATA;FLU;9;3,10
24;94583;Pedro;ATA;FLA;9;12,00
24;68685;Alan Patrick;MEI;INT;7;1,70
24;143193;Viveros;ATA;CAP;7;17,20
24;94930;Lucas Paquetá;MEI;FLA;7;3,20
24;73476;Marcão;TEC;FLU;7;7,12
24;72018;Tiago Volpi;GOL;RBB;6;7,60
24;37715;Thiago Silva;ZAG;FLU;6;4,30
24;96610;Matheus Pereira;MEI;CRU;6;10,00
24;80287;Luciano;ATA;SAO;6;7,40
24;87863;Arrascaeta;MEI;FLA;5;7,80
24;72493;Alex Telles;LAT;BOT;5;1,30
24;83257;Gabriel;ATA;SAN;4;0,80
24;115479;Paulo Pezzolano;TEC;INT;4;6,40
24;116447;Hércules;MEI;FLU;4;-0,20
24;62977;Ganso;MEI;FLU;4;7,30
24;97653;Murilo;ZAG;PAL;4;5,00
24;78248;Gustavo Henrique;ZAG;COR;4;1,70
24;110750;Gustavo Marques;ZAG;RBB;3;13,50
24;106708;Igor Formiga;LAT;MIR;3;8,80
24;39850;Vagner Mancini;TEC;RBB;3;7,00
24;141451;Allan;MEI;PAL;3;10,40
24;98517;Jean Lucas;MEI;BAH;2;10,00
24;111690;Matheus Cunha;GOL;INT;2;10,20
24;107989;Carbonero;ATA;INT;2;0,70
24;82775;Lucas Ramon;LAT;SAO;2;1,80
24;109573;Martinelli;MEI;FLU;2;6,30
24;104118;Lucas Arcanjo;GOL;VIT;2;4,50
24;89840;Calleri;ATA;SAO;2;0,50
24;106313;Domingos Duarte;ZAG;SAO;2;1,70
24;89274;Andreas Pereira;MEI;PAL;2;6,40
24;104027;Rafael Guanaes;TEC;MIR;2;4,01
24;103056;Gabriel Brazão;GOL;SAN;2;1,60
24;84339;Bruno Melo;LAT;CFC;2;2,20
24;117910;Breno Bidon;MEI;COR;2;2,20
24;40990;Dorival Júnior;TEC;SAO;2;3,08
24;113034;Freytes;ZAG;FLU;2;0,00
24;100652;Yuri Alberto;ATA;COR;2;0,00
24;145404;Arthur;LAT;PAL;2;3,40
24;101727;Matheuzinho;LAT;COR;2;0,00
24;107231;Danilo;MEI;BOT;1;0,00
24;104075;Sabino;ZAG;SAO;1;1,40
24;97878;Jacy;ZAG;CFC;1;5,70
24;98873;Samuel Lino;ATA;FLA;1;4,50
24;105436;Carrascal;MEI;FLA;1;5,90
24;42411;Cuca;TEC;SAN;1;8,54
24;95799;Artur;ATA;SAO;1;2,90
24;106202;Bruno Gomes;MEI;INT;1;9,40
24;87258;Soteldo;ATA;FLU;1;7,50
24;84626;Josué;MEI;CFC;1;2,70
24;130209;Renê;ATA;VIT;1;4,80
24;104783;Acevedo;MEI;BAH;1;5,40
24;72605;Vitor Hugo;ZAG;CAM;1;6,20
24;99552;Rossi;GOL;FLA;1;3,20
24;88393;Ayrton Lucas;LAT;FLA;1;4,60
24;98333;Gabriel Batista;GOL;BOT;1;0,90
24;146430;Justino;ZAG;BOT;1;4,90
24;128177;Pedro Emanuel;TEC;VAS;1;4,40
24;71123;Thiago Mendes;MEI;VAS;1;3,20
24;68872;Marcelo Lomba;GOL;PAL;1;0,00
24;91573;Arboleda;ZAG;SAO;1;0,00
24;133543;Gui Negão;ATA;COR;1;-0,30
24;97095;Carlos Cuesta;ZAG;VAS;1;-1,30
24;105584;Lucas Piton;LAT;VAS;1;0,00
24;112886;Lucas Barbosa;ATA;RBB;1;2,70
24;132071;Serna;ATA;FLU;1;8,10
24;101908;Willian Machado;ZAG;MIR;1;4,50
24;68708;Eduardo;MEI;MIR;1;11,00
24;51413;Walter;GOL;MIR;1;7,80
24;132580;Vinicinho;ATA;RBB;1;4,30
24;95556;Raniele;MEI;COR;1;9,80
24;126977;Fernando Seabra;TEC;CFC;1;7,44
24;100987;Nonato;MEI;FLU;1;0,20
24;82628;Tinga;LAT;CFC;1;0,00
24;112863;Ramón Sosa;ATA;PAL;1;0,00
24;117632;Garro;MEI;COR;1;0,00
24;99889;Alan Franco;ZAG;OUT;1;0,00
24;42500;Fagner;LAT;CRU;1;7,40
24;98280;Bastos;ZAG;OUT;1;0,00
24;100848;Luan Cândido;LAT;VIT;1;1,10
24;118844;Kaio César;ATA;COR;1;3,80
24;105563;Carlos Vinícius;ATA;GRE;1;0,00
24;72391;Fernando Diniz;TEC;COR;1;4,37
24;105647;Maurício;MEI;PAL;1;9,30
24;98672;Savarino;MEI;FLU;1;0,00
24;131832;Portilla;MEI;CAP;1;1,50
24;68928;Rafael;GOL;SAO;1;4,20
24;107093;Luciano Juba;LAT;BAH;1;12,40
25;87863;Arrascaeta;MEI;FLA;45;5,10
25;143193;Viveros;ATA;CAP;44;10,30
25;113103;Flaco López;ATA;PAL;41;9,00
25;98873;Samuel Lino;ATA;FLA;39;22,20
25;107093;Luciano Juba;LAT;BAH;37;1,00
25;117632;Garro;MEI;COR;34;0,70
25;83528;Léo Pereira;ZAG;FLA;32;9,60
25;88963;Leonardo Jardim;TEC;FLA;32;10,43
25;105647;Maurício;MEI;PAL;27;9,50
25;101727;Matheuzinho;LAT;COR;21;5,50
25;63007;Neymar;MEI;SAN;15;6,40
25;88393;Ayrton Lucas;LAT;FLA;14;7,70
25;71684;Gustavo Gómez;ZAG;PAL;11;7,40
25;97867;Léo Ortiz;ZAG;FLA;11;5,00
25;104084;Carlos Miguel;GOL;PAL;11;4,20
25;99552;Rossi;GOL;FLA;11;10,20
25;78248;Gustavo Henrique;ZAG;COR;10;2,30
25;71631;Weverton;GOL;GRE;10;8,10
25;97653;Murilo;ZAG;PAL;9;0,20
25;105531;Matheus Bidu;LAT;COR;8;3,80
25;91772;David Duarte;ZAG;BAH;7;2,00
25;105436;Carrascal;MEI;FLA;7;13,70
25;115674;Gabriel Delfim;GOL;CAM;6;1,60
25;110506;Abel Ferreira;TEC;PAL;6;4,69
25;123869;Aguirre;ZAG;CAP;5;1,70
25;96870;Emerson Royal;LAT;FLA;5;7,10
25;132412;Román Gómez;LAT;BAH;4;2,90
25;130843;Arthur Dias;ZAG;CAP;3;2,20
25;80287;Luciano;ATA;SAO;3;9,90
25;117404;Otávio;GOL;CRU;3;7,40
25;70592;Felipe Anderson;MEI;PAL;3;5,20
25;91101;Ronaldo;GOL;BAH;3;-0,70
25;88037;Luís Castro;TEC;GRE;3;6,85
25;94583;Pedro;ATA;FLA;3;1,70
25;104027;Rafael Guanaes;TEC;MIR;2;4,65
25;128431;João Cruz;MEI;CAP;2;3,30
25;109401;Erick Pulga;ATA;BAH;2;21,70
25;106313;Domingos Duarte;ZAG;SAO;2;7,20
25;114802;Vitor Roque;ATA;PAL;2;3,00
25;72018;Tiago Volpi;GOL;RBB;2;5,80
25;84735;Jorginho;MEI;FLA;2;7,40
25;72605;Vitor Hugo;ZAG;CAM;2;0,00
25;130307;Wallace;ZAG;GRE;2;5,00
25;85048;Memphis Depay;ATA;COR;2;1,80
25;101574;Hugo Souza;GOL;COR;2;1,90
25;72391;Fernando Diniz;TEC;COR;2;2,84
25;113034;Freytes;ZAG;FLU;2;0,00
25;100652;Yuri Alberto;ATA;COR;2;0,00
25;118844;Kaio César;ATA;COR;2;5,00
25;97341;Rogério Ceni;TEC;BAH;2;7,15
25;94930;Lucas Paquetá;MEI;FLA;2;1,60
25;91706;Marlon;LAT;GRE;1;1,70
25;89274;Andreas Pereira;MEI;PAL;1;3,40
25;92747;Eduardo Domínguez;TEC;CAM;1;6,62
25;39148;Hulk;ATA;FLU;1;17,50
25;91573;Arboleda;ZAG;SAO;1;3,00
25;107554;Natanael;LAT;CAM;1;0,00
25;80129;Jadson;MEI;CAP;1;3,50
25;95131;Gabriel Taliari;ATA;REM;1;3,30
25;107231;Danilo;MEI;BOT;1;4,00
25;68928;Rafael;GOL;SAO;1;1,60
25;91473;Erick Pulgar;MEI;FLA;1;7,40
25;124526;Giay;LAT;PAL;1;6,50
25;130806;Kauan;ZAG;CHA;1;1,50
25;97795;Marcelinho;LAT;REM;1;7,40
25;87747;Yago Felipe;MEI;CHA;1;7,10
25;95799;Artur;ATA;SAO;1;4,10
25;142004;Amuzu;ATA;GRE;1;1,00
25;87552;Vitor Bueno;MEI;REM;1;2,70
25;95556;Raniele;MEI;COR;1;1,00
25;101908;Willian Machado;ZAG;MIR;1;2,30
25;126977;Fernando Seabra;TEC;CFC;1;6,45
25;68708;Eduardo;MEI;MIR;1;9,00
25;106708;Igor Formiga;LAT;MIR;1;4,40
25;132580;Vinicinho;ATA;RBB;1;0,20
25;132071;Serna;ATA;FLU;1;0,90
25;100987;Nonato;MEI;FLU;1;4,20
25;82628;Tinga;LAT;CFC;1;0,00
25;51413;Walter;GOL;MIR;1;1,60
25;96610;Matheus Pereira;MEI;CRU;1;8,50
25;98280;Bastos;ZAG;OUT;1;0,00
25;112863;Ramón Sosa;ATA;PAL;1;0,00
25;145404;Arthur;LAT;PAL;1;0,40
25;42500;Fagner;LAT;CRU;1;0,00
25;39850;Vagner Mancini;TEC;RBB;1;3,75
25;99815;Arias;MEI;PAL;1;0,00
25;99889;Alan Franco;ZAG;OUT;1;0,00
25;93988;Breno Lopes;ATA;CFC;1;4,80
25;131832;Portilla;MEI;CAP;1;0,00
25;117910;Breno Bidon;MEI;COR;1;0,00
25;98672;Savarino;MEI;FLU;1;0,00
25;100848;Luan Cândido;LAT;VIT;1;3,00
25;105563;Carlos Vinícius;ATA;GRE;1;1,30
25;106822;Rodrigo Nestor;MEI;BAH;1;5,70
26;94583;Pedro;ATA;FLA;43;6,30
26;87863;Arrascaeta;MEI;FLA;42;7,20
26;98873;Samuel Lino;ATA;FLA;40;17,00
26;83528;Léo Pereira;ZAG;FLA;38;8,80
26;78248;Gustavo Henrique;ZAG;COR;37;4,70
26;101727;Matheuzinho;LAT;COR;32;2,50
26;117632;Garro;MEI;COR;32;2,20
26;105531;Matheus Bidu;LAT;COR;26;12,10
26;88963;Leonardo Jardim;TEC;FLA;25;8,45
26;96610;Matheus Pereira;MEI;CRU;22;13,30
26;94968;Juninho Capixaba;LAT;RBB;20;5,70
26;99815;Arias;MEI;PAL;20;2,50
26;39148;Hulk;ATA;FLU;19;7,40
26;72391;Fernando Diniz;TEC;COR;17;4,56
26;99552;Rossi;GOL;FLA;16;6,30
26;85048;Memphis Depay;ATA;COR;16;3,80
26;104084;Carlos Miguel;GOL;PAL;13;10,20
26;105436;Carrascal;MEI;FLA;13;1,50
26;103445;Kaio Jorge;ATA;CRU;6;12,80
26;121823;Kauê;GOL;COR;6;3,20
26;68685;Alan Patrick;MEI;INT;6;-0,60
26;88393;Ayrton Lucas;LAT;FLA;6;5,50
26;72018;Tiago Volpi;GOL;RBB;6;0,10
26;118844;Kaio César;ATA;COR;6;3,90
26;143193;Viveros;ATA;CAP;6;4,70
26;106313;Domingos Duarte;ZAG;SAO;5;9,70
26;71684;Gustavo Gómez;ZAG;PAL;4;10,00
26;104027;Rafael Guanaes;TEC;MIR;3;7,54
26;105647;Maurício;MEI;PAL;3;5,90
26;117404;Otávio;GOL;CRU;3;6,80
26;113103;Flaco López;ATA;PAL;3;3,50
26;115479;Paulo Pezzolano;TEC;INT;2;3,88
26;63354;Rodrigo Moledo;ZAG;CFC;2;3,50
26;42500;Fagner;LAT;CRU;2;5,00
26;97899;Matheus Bahia;LAT;INT;2;-4,00
26;78855;Thiago Santos;ZAG;CFC;2;1,30
26;105047;João Marcelo;ZAG;CRU;2;5,30
26;104118;Lucas Arcanjo;GOL;VIT;2;12,50
26;125488;João Pedro;ZAG;COR;2;1,00
26;102130;Piquerez;LAT;PAL;2;5,00
26;94930;Lucas Paquetá;MEI;FLA;2;9,80
26;113034;Freytes;ZAG;FLU;2;-1,00
26;100652;Yuri Alberto;ATA;COR;2;0,00
26;112886;Lucas Barbosa;ATA;RBB;1;14,10
26;111690;Matheus Cunha;GOL;INT;1;-3,00
26;122573;Wallace Yan;ATA;RBB;1;10,40
26;72951;Mercado;ZAG;INT;1;2,70
26;104783;Acevedo;MEI;BAH;1;1,60
26;87747;Yago Felipe;MEI;CHA;1;3,10
26;127273;Artur Jorge;TEC;CRU;1;7,89
26;125803;Pedro Morisco;GOL;CFC;1;3,70
26;103056;Gabriel Brazão;GOL;SAN;1;2,40
26;84558;Lucas Romero;MEI;CRU;1;13,50
26;97868;Iago;LAT;SAO;1;15,40
26;106302;Preciado;LAT;CAM;1;0,00
26;98517;Jean Lucas;MEI;BAH;1;2,10
26;69783;Danilo;ZAG;FLA;1;0,00
26;78445;Renê;LAT;FLU;1;15,20
26;90768;Fabrício Bruno;ZAG;CRU;1;0,10
26;106294;Marcos Antônio;MEI;SAO;1;8,60
26;114208;Alejo Véliz;ATA;BAH;1;10,70
26;107093;Luciano Juba;LAT;BAH;1;11,20
26;90302;Pedro Rocha;ATA;CFC;1;14,30
26;132580;Vinicinho;ATA;RBB;1;0,50
26;100987;Nonato;MEI;FLU;1;5,20
26;95556;Raniele;MEI;COR;1;0,00
26;106708;Igor Formiga;LAT;MIR;1;15,90
26;68708;Eduardo;MEI;MIR;1;6,40
26;51413;Walter;GOL;MIR;1;0,00
26;126977;Fernando Seabra;TEC;CFC;1;4,13
26;101908;Willian Machado;ZAG;MIR;1;-0,30
26;132071;Serna;ATA;FLU;1;2,40
26;82628;Tinga;LAT;CFC;1;0,00
26;84626;Josué;MEI;CFC;1;0,50
26;145404;Arthur;LAT;PAL;1;0,00
26;112863;Ramón Sosa;ATA;PAL;1;0,00
26;39850;Vagner Mancini;TEC;RBB;1;5,26
26;98280;Bastos;ZAG;OUT;1;0,00
26;99889;Alan Franco;ZAG;OUT;1;0,00
26;131832;Portilla;MEI;CAP;1;5,10
26;105563;Carlos Vinícius;ATA;GRE;1;1,60
26;98672;Savarino;MEI;FLU;1;0,00
26;100848;Luan Cândido;LAT;VIT;1;4,70
26;117910;Breno Bidon;MEI;COR;1;7,40
26;103523;Ignácio;ZAG;FLU;1;6,50
27;113103;Flaco López;ATA;PAL;42;4,50
27;99815;Arias;MEI;PAL;39;3,40
27;107093;Luciano Juba;LAT;BAH;38;9,20
27;97867;Léo Ortiz;ZAG;FLA;34;4,50
27;88963;Leonardo Jardim;TEC;FLA;33;7,09
27;114208;Alejo Véliz;ATA;BAH;32;3,50
27;71684;Gustavo Gómez;ZAG;PAL;30;10,70
27;105436;Carrascal;MEI;FLA;30;0,00
27;96610;Matheus Pereira;MEI;CRU;24;14,70
27;94583;Pedro;ATA;FLA;23;2,40
27;99552;Rossi;GOL;FLA;22;-1,00
27;114802;Vitor Roque;ATA;PAL;19;14,00
27;94930;Lucas Paquetá;MEI;FLA;18;14,30
27;78850;Reinaldo;LAT;MIR;16;2,10
27;106708;Igor Formiga;LAT;MIR;8;8,50
27;104084;Carlos Miguel;GOL;PAL;8;7,60
27;97653;Murilo;ZAG;PAL;8;12,90
27;107231;Danilo;MEI;BOT;7;2,90
27;110426;Bernabei;LAT;INT;7;1,90
27;69783;Danilo;ZAG;FLA;6;1,50
27;88393;Ayrton Lucas;LAT;FLA;6;4,90
27;72294;Everson;GOL;CAM;6;0,00
27;91772;David Duarte;ZAG;BAH;6;0,60
27;109401;Erick Pulga;ATA;BAH;6;8,60
27;106822;Rodrigo Nestor;MEI;BAH;6;2,60
27;104027;Rafael Guanaes;TEC;MIR;5;6,39
27;105563;Carlos Vinícius;ATA;GRE;5;1,40
27;109096;Plata;ATA;FLA;5;9,50
27;98517;Jean Lucas;MEI;BAH;5;10,20
27;97341;Rogério Ceni;TEC;BAH;5;6,20
27;124526;Giay;LAT;PAL;4;5,20
27;117404;Otávio;GOL;CRU;4;8,40
27;84816;Varela;LAT;FLA;4;1,00
27;98909;Cuello;ATA;CAM;3;16,20
27;91101;Ronaldo;GOL;BAH;3;1,60
27;87863;Arrascaeta;MEI;FLA;3;2,80
27;117632;Garro;MEI;COR;3;-1,60
27;101727;Matheuzinho;LAT;COR;3;3,80
27;98873;Samuel Lino;ATA;FLA;3;8,80
27;105300;Ferraresi;ZAG;BOT;3;4,20
27;110506;Abel Ferreira;TEC;PAL;2;9,91
27;132412;Román Gómez;LAT;BAH;2;0,00
27;78248;Gustavo Henrique;ZAG;COR;2;0,00
27;94968;Juninho Capixaba;LAT;RBB;2;5,10
27;71631;Weverton;GOL;GRE;2;2,40
27;98672;Savarino;MEI;FLU;2;5,30
27;101908;Willian Machado;ZAG;MIR;2;-0,10
27;87747;Yago Felipe;MEI;CHA;2;1,00
27;72391;Fernando Diniz;TEC;COR;2;4,14
27;113034;Freytes;ZAG;FLU;2;1,20
27;100652;Yuri Alberto;ATA;COR;2;0,00
27;101807;Oliva;MEI;SAN;1;0,80
27;130048;Noriega;ZAG;GRE;1;-1,20
27;39148;Hulk;ATA;FLU;1;0,00
27;83528;Léo Pereira;ZAG;FLA;1;0,00
27;77510;Fred;MEI;CAM;1;5,80
27;116065;Cuiabano;LAT;VAS;1;5,20
27;72018;Tiago Volpi;GOL;RBB;1;6,80
27;115674;Gabriel Delfim;GOL;CAM;1;1,60
27;89837;Lucho Acosta;MEI;FLU;1;1,00
27;88037;Luís Castro;TEC;OUT;1;4,77
27;89274;Andreas Pereira;MEI;PAL;1;1,20
27;117061;Gabriel Knesowitsch;ZAG;MIR;1;0,20
27;141131;Vitão;ZAG;CAM;1;12,70
27;79066;Alex Muralha;GOL;MIR;1;3,20
27;71123;Thiago Mendes;MEI;VAS;1;10,00
27;116706;Andrés Gómez;ATA;VAS;1;5,30
27;95332;Marcinho;ATA;CHA;1;8,50
27;73992;Rodinei;LAT;SAN;1;1,30
27;106294;Marcos Antônio;MEI;SAO;1;0,00
27;90768;Fabrício Bruno;ZAG;CRU;1;-2,80
27;121823;Kauê;GOL;COR;1;0,00
27;105047;João Marcelo;ZAG;CRU;1;0,40
27;103445;Kaio Jorge;ATA;CRU;1;0,50
27;105531;Matheus Bidu;LAT;COR;1;1,00
27;82628;Tinga;LAT;CFC;1;0,00
27;126977;Fernando Seabra;TEC;CFC;1;0,00
27;51413;Walter;GOL;MIR;1;0,00
27;132071;Serna;ATA;FLU;1;8,00
27;95556;Raniele;MEI;COR;1;7,00
27;100987;Nonato;MEI;FLU;1;4,00
27;132580;Vinicinho;ATA;RBB;1;0,00
27;68708;Eduardo;MEI;MIR;1;0,00
27;98280;Bastos;ZAG;OUT;1;0,00
27;145404;Arthur;LAT;PAL;1;11,90
27;112863;Ramón Sosa;ATA;PAL;1;0,00
27;39850;Vagner Mancini;TEC;RBB;1;3,88
27;42500;Fagner;LAT;CRU;1;3,90
27;99889;Alan Franco;ZAG;OUT;1;0,00
27;39656;Alan Franco;MEI;CAM;1;1,90
27;102130;Piquerez;LAT;PAL;1;5,50
27;100848;Luan Cândido;LAT;VIT;1;-0,10
27;118844;Kaio César;ATA;COR;1;7,70
27;117910;Breno Bidon;MEI;COR;1;-1,30
27;131832;Portilla;MEI;CAP;1;0,00
27;105647;Maurício;MEI;PAL;1;0,00
27;104783;Acevedo;MEI;BAH;1;4,10
28;87863;Arrascaeta;MEI;FLA;44;6,70
28;94583;Pedro;ATA;FLA;44;9,90
28;96610;Matheus Pereira;MEI;CRU;34;9,00
28;77510;Fred;MEI;CAM;32;4,10
28;98909;Cuello;ATA;CAM;26;7,20
28;88963;Leonardo Jardim;TEC;FLA;26;7,02
28;99552;Rossi;GOL;FLA;22;4,20
28;116706;Andrés Gómez;ATA;VAS;21;14,70
28;116065;Cuiabano;LAT;VAS;20;12,80
28;71684;Gustavo Gómez;ZAG;PAL;19;7,40
28;106313;Domingos Duarte;ZAG;SAO;17;5,80
28;114802;Vitor Roque;ATA;PAL;17;9,90
28;72605;Vitor Hugo;ZAG;CAM;17;-0,90
28;99815;Arias;MEI;PAL;16;3,30
28;83528;Léo Pereira;ZAG;FLA;16;1,50
28;88393;Ayrton Lucas;LAT;FLA;15;0,50
28;92747;Eduardo Domínguez;TEC;CAM;13;5,12
28;97867;Léo Ortiz;ZAG;FLA;13;1,70
28;96591;Renan Lodi;LAT;CAM;13;0,50
28;114323;Colidio;ATA;VAS;12;12,60
28;107554;Natanael;LAT;CAM;10;11,90
28;105531;Matheus Bidu;LAT;COR;9;5,40
28;101727;Matheuzinho;LAT;COR;8;6,00
28;124526;Giay;LAT;PAL;6;5,90
28;89840;Calleri;ATA;SAO;5;9,10
28;104084;Carlos Miguel;GOL;PAL;5;10,20
28;107231;Danilo;MEI;BOT;4;0,80
28;91101;Ronaldo;GOL;BAH;4;5,80
28;72460;Bernard;MEI;CAM;4;8,20
28;141131;Vitão;ZAG;CAM;4;4,70
28;104027;Rafael Guanaes;TEC;MIR;3;10,62
28;113103;Flaco López;ATA;PAL;3;5,50
28;115674;Gabriel Delfim;GOL;CAM;3;-1,00
28;80287;Luciano;ATA;SAO;3;6,80
28;106708;Igor Formiga;LAT;MIR;3;16,20
28;72294;Everson;GOL;CAM;3;0,00
28;71123;Thiago Mendes;MEI;VAS;3;2,30
28;107093;Luciano Juba;LAT;BAH;2;3,50
28;83257;Gabriel;ATA;SAN;2;12,60
28;103445;Kaio Jorge;ATA;CRU;2;6,20
28;84268;Georgemy;GOL;MIR;2;0,00
28;109096;Plata;ATA;FLA;2;7,20
28;130525;Pedro Lima;LAT;SAO;2;9,90
28;125803;Pedro Morisco;GOL;CFC;2;2,80
28;97868;Iago;LAT;SAO;2;5,50
28;118844;Kaio César;ATA;COR;2;5,80
28;84816;Varela;LAT;FLA;2;7,40
28;89274;Andreas Pereira;MEI;PAL;2;5,30
28;78248;Gustavo Henrique;ZAG;COR;2;12,20
28;100652;Yuri Alberto;ATA;COR;2;0,00
28;113034;Freytes;ZAG;FLU;2;0,00
28;94930;Lucas Paquetá;MEI;FLA;1;0,00
28;101807;Oliva;MEI;SAN;1;1,90
28;114208;Alejo Véliz;ATA;BAH;1;1,50
28;130048;Noriega;ZAG;GRE;1;4,90
28;78850;Reinaldo;LAT;MIR;1;9,50
28;95362;Cassierra;ATA;CAM;1;11,20
28;105300;Ferraresi;ZAG;BOT;1;6,20
28;101574;Hugo Souza;GOL;COR;1;0,90
28;106147;Thiago Carpini;TEC;REM;1;4,13
28;102130;Piquerez;LAT;PAL;1;5,20
28;89256;Gerson;MEI;CRU;1;2,40
28;99274;Alexander Barboza;ZAG;PAL;1;6,70
28;84735;Jorginho;MEI;FLA;1;6,50
28;68872;Marcelo Lomba;GOL;PAL;1;0,00
28;117404;Otávio;GOL;CRU;1;8,30
28;130843;Arthur Dias;ZAG;CAP;1;6,20
28;90768;Fabrício Bruno;ZAG;CRU;1;0,00
28;83074;Ygor Vinhas;GOL;REM;1;0,00
28;123869;Aguirre;ZAG;CAP;1;-0,10
28;104118;Lucas Arcanjo;GOL;VIT;1;-0,40
28;103183;Andrew;GOL;FLA;1;0,00
28;85048;Memphis Depay;ATA;COR;1;2,60
28;45125;Tite;TEC;BOT;1;3,18
28;39148;Hulk;ATA;FLU;1;18,30
28;126977;Fernando Seabra;TEC;CFC;1;1,58
28;101908;Willian Machado;ZAG;MIR;1;8,90
28;82628;Tinga;LAT;CFC;1;0,00
28;132580;Vinicinho;ATA;RBB;1;0,00
28;100987;Nonato;MEI;FLU;1;1,30
28;95556;Raniele;MEI;COR;1;6,70
28;68708;Eduardo;MEI;MIR;1;18,30
28;51413;Walter;GOL;MIR;1;10,20
28;132071;Serna;ATA;FLU;1;13,90
28;110506;Abel Ferreira;TEC;PAL;1;7,90
28;147090;Kauã Pascini;LAT;CAM;1;0,90
28;98280;Bastos;ZAG;OUT;1;0,00
28;117632;Garro;MEI;COR;1;7,40
28;145404;Arthur;LAT;PAL;1;5,00
28;112863;Ramón Sosa;ATA;PAL;1;0,40
28;42500;Fagner;LAT;CRU;1;0,00
28;99889;Alan Franco;ZAG;OUT;1;0,00
28;39850;Vagner Mancini;TEC;RBB;1;3,75
28;91573;Arboleda;ZAG;SAO;1;7,00
28;80313;Gilberto;LAT;CAP;1;0,00
28;68928;Rafael;GOL;SAO;1;6,80
28;40990;Dorival Júnior;TEC;SAO;1;8,15
28;103056;Gabriel Brazão;GOL;SAN;1;0,00
28;98672;Savarino;MEI;FLU;1;0,00
28;72391;Fernando Diniz;TEC;COR;1;4,95
28;117910;Breno Bidon;MEI;COR;1;3,70
28;100848;Luan Cândido;LAT;VIT;1;4,60
28;105563;Carlos Vinícius;ATA;GRE;1;-0,10
28;105647;Maurício;MEI;PAL;1;3,20
28;131832;Portilla;MEI;CAP;1;0,00
28;92273;Odair Hellmann;TEC;CAP;1;6,96
29;96610;Matheus Pereira;MEI;CRU;45;8,20
29;39148;Hulk;ATA;FLU;41;9,30
29;94968;Juninho Capixaba;LAT;RBB;37;-0,10
29;94930;Lucas Paquetá;MEI;FLA;36;8,00
29;113103;Flaco López;ATA;PAL;33;12,30
29;73476;Marcão;TEC;FLU;22;10,81
29;124912;Jonathan Jesus;ZAG;CRU;20;8,20
29;97653;Murilo;ZAG;PAL;18;7,70
29;110426;Bernabei;LAT;INT;17;2,60
29;71684;Gustavo Gómez;ZAG;PAL;17;10,20
29;114802;Vitor Roque;ATA;PAL;16;8,30
29;103445;Kaio Jorge;ATA;CRU;15;17,20
29;104118;Lucas Arcanjo;GOL;VIT;14;10,70
29;90703;Matheuzinho;MEI;VIT;14;29,50
29;83528;Léo Pereira;ZAG;FLA;14;0,50
29;98873;Samuel Lino;ATA;FLA;13;11,20
29;104084;Carlos Miguel;GOL;PAL;11;6,30
29;92180;Jair Ventura;TEC;VIT;10;11,47
29;99815;Arias;MEI;PAL;9;5,20
29;37656;Fábio;GOL;FLU;9;5,00
29;89274;Andreas Pereira;MEI;PAL;9;7,30
29;87228;Guilherme Arana;LAT;FLU;8;8,10
29;37715;Thiago Silva;ZAG;FLU;8;10,00
29;143193;Viveros;ATA;CAP;7;10,40
29;105436;Carrascal;MEI;FLA;6;13,00
29;116065;Cuiabano;LAT;VAS;6;9,20
29;99552;Rossi;GOL;FLA;6;0,60
29;87211;Eduardo Baptista;TEC;INT;5;7,22
29;116461;Jamerson;LAT;VIT;5;13,50
29;100652;Yuri Alberto;ATA;COR;4;3,50
29;110506;Abel Ferreira;TEC;PAL;4;10,69
29;124552;Lescano;MEI;VAS;4;10,90
29;117404;Otávio;GOL;CRU;4;8,90
29;101727;Matheuzinho;LAT;COR;3;8,70
29;72018;Tiago Volpi;GOL;RBB;3;1,60
29;106708;Igor Formiga;LAT;MIR;3;5,80
29;124219;Millán;ZAG;FLU;3;7,20
29;78248;Gustavo Henrique;ZAG;COR;3;1,80
29;114323;Colidio;ATA;VAS;3;11,20
29;102340;Cacá;ZAG;VIT;3;4,40
29;99520;Ziyech;MEI;BOT;2;1,00
29;39850;Vagner Mancini;TEC;RBB;2;4,70
29;102130;Piquerez;LAT;PAL;2;0,00
29;105068;Reinier;MEI;CAM;2;4,50
29;105531;Matheus Bidu;LAT;COR;2;6,80
29;99274;Alexander Barboza;ZAG;PAL;2;16,00
29;107231;Danilo;MEI;BOT;2;4,50
29;87552;Vitor Bueno;MEI;REM;2;4,00
29;95131;Gabriel Taliari;ATA;REM;2;7,40
29;92273;Odair Hellmann;TEC;CAP;2;5,76
29;68708;Eduardo;MEI;MIR;2;2,70
29;109573;Martinelli;MEI;FLU;2;-0,40
29;96591;Renan Lodi;LAT;CAM;2;3,20
29;88963;Leonardo Jardim;TEC;FLA;2;5,52
29;110750;Gustavo Marques;ZAG;RBB;2;3,50
29;113034;Freytes;ZAG;FLU;2;0,00
29;132071;Serna;ATA;FLU;2;7,70
29;145404;Arthur;LAT;PAL;2;7,10
29;130843;Arthur Dias;ZAG;CAP;1;3,10
29;97145;Villasanti;MEI;GRE;1;0,90
29;111879;Mateus Silva;LAT;VIT;1;15,70
29;94583;Pedro;ATA;FLA;1;5,40
29;92747;Eduardo Domínguez;TEC;CAM;1;5,35
29;87863;Arrascaeta;MEI;FLA;1;0,00
29;72605;Vitor Hugo;ZAG;CAM;1;0,00
29;89840;Calleri;ATA;SAO;1;0,80
29;77510;Fred;MEI;CAM;1;1,70
29;98909;Cuello;ATA;CAM;1;3,30
29;130209;Renê;ATA;VIT;1;2,60
29;102255;Santiago Sosa;MEI;VAS;1;2,10
29;118655;Saldivia;ZAG;VAS;1;4,40
29;72493;Alex Telles;LAT;BOT;1;14,00
29;110668;Esquivel;LAT;CAP;1;3,80
29;102975;Escobar;LAT;SAN;1;0,80
29;98517;Jean Lucas;MEI;BAH;1;2,40
29;83257;Gabriel;ATA;SAN;1;4,30
29;93368;Lucas Veríssimo;ZAG;SAN;1;5,40
29;105175;Khellven;LAT;PAL;1;8,40
29;105300;Ferraresi;ZAG;BOT;1;4,30
29;130525;Pedro Lima;LAT;SAO;1;5,50
29;71123;Thiago Mendes;MEI;VAS;1;5,30
29;102318;Caio Paulista;LAT;GRE;1;3,00
29;97810;Erick;ATA;VIT;1;16,00
29;95556;Raniele;MEI;COR;1;0,50
29;126977;Fernando Seabra;TEC;CFC;1;1,93
29;51413;Walter;GOL;MIR;1;12,00
29;132580;Vinicinho;ATA;RBB;1;0,80
29;82628;Tinga;LAT;CFC;1;0,00
29;101908;Willian Machado;ZAG;MIR;1;2,00
29;100987;Nonato;MEI;FLU;1;0,00
29;70360;Eduardo Sasha;ATA;RBB;1;10,70
29;141754;Gabriel Bontempo;MEI;SAN;1;8,80
29;114208;Alejo Véliz;ATA;BAH;1;0,70
29;122573;Wallace Yan;ATA;RBB;1;13,20
29;42500;Fagner;LAT;CRU;1;0,00
29;112863;Ramón Sosa;ATA;PAL;1;6,70
29;117632;Garro;MEI;COR;1;5,90
29;98280;Bastos;ZAG;OUT;1;0,00
29;99889;Alan Franco;ZAG;OUT;1;0,00
29;115674;Gabriel Delfim;GOL;CAM;1;8,40
29;89256;Gerson;MEI;CRU;1;3,00
29;101319;Guga;LAT;FLU;1;6,70
29;105647;Maurício;MEI;PAL;1;0,00
29;131832;Portilla;MEI;CAP;1;0,00
29;98672;Savarino;MEI;FLU;1;28,20
29;118844;Kaio César;ATA;COR;1;4,20
29;100848;Luan Cândido;LAT;VIT;1;6,40
29;117910;Breno Bidon;MEI;COR;1;2,40
29;105563;Carlos Vinícius;ATA;GRE;1;-0,30
29;72391;Fernando Diniz;TEC;OUT;1;5,85
29;84735;Jorginho;MEI;FLA;1;3,00
29;113690;Diógenes;GOL;SAN;1;0,60
29;113113;Benavídez;LAT;CAP;1;0,00
29;107093;Luciano Juba;LAT;BAH;1;1,50
30;143193;Viveros;ATA;CAP;41;0,00
30;124552;Lescano;MEI;VAS;37;6,60
30;107093;Luciano Juba;LAT;BAH;34;0,00
30;71684;Gustavo Gómez;ZAG;PAL;32;0,00
30;128177;Pedro Emanuel;TEC;VAS;31;7,38
30;96610;Matheus Pereira;MEI;CRU;29;0,00
30;105436;Carrascal;MEI;FLA;25;0,00
30;99815;Arias;MEI;PAL;23;0,00
30;98873;Samuel Lino;ATA;FLA;23;0,00
30;113103;Flaco López;ATA;PAL;20;0,00
30;114802;Vitor Roque;ATA;PAL;17;0,00
30;99213;Puma Rodríguez;LAT;VAS;15;8,20
30;116706;Andrés Gómez;ATA;VAS;14;6,30
30;94583;Pedro;ATA;FLA;14;0,00
30;118655;Saldivia;ZAG;VAS;13;10,20
30;99274;Alexander Barboza;ZAG;PAL;12;0,00
30;83528;Léo Pereira;ZAG;FLA;11;0,00
30;110698;Mycael;GOL;CAP;10;0,00
30;116065;Cuiabano;LAT;VAS;9;8,90
30;104084;Carlos Miguel;GOL;PAL;7;0,00
30;99552;Rossi;GOL;FLA;6;0,00
30;72294;Everson;GOL;CAM;6;0,00
30;110506;Abel Ferreira;TEC;PAL;6;0,00
30;102130;Piquerez;LAT;PAL;5;0,00
30;87008;Léo Jardim;GOL;VAS;5;8,90
30;105584;Lucas Piton;LAT;VAS;5;7,60
30;117330;Robert Renan;ZAG;VAS;5;6,80
30;89274;Andreas Pereira;MEI;PAL;5;0,00
30;94930;Lucas Paquetá;MEI;FLA;5;0,00
30;130843;Arthur Dias;ZAG;CAP;4;0,00
30;110668;Esquivel;LAT;CAP;4;0,00
30;92273;Odair Hellmann;TEC;CAP;4;0,00
30;91573;Arboleda;ZAG;SAO;4;5,00
30;94968;Juninho Capixaba;LAT;RBB;3;0,00
30;63008;Rafael Tolói;ZAG;SAO;3;0,00
30;93716;Paulo Henrique;LAT;VAS;3;0,00
30;106822;Rodrigo Nestor;MEI;BAH;3;0,00
30;114323;Colidio;ATA;VAS;3;1,30
30;98517;Jean Lucas;MEI;BAH;3;0,00
30;71123;Thiago Mendes;MEI;VAS;3;1,60
30;97653;Murilo;ZAG;PAL;3;0,00
30;124526;Giay;LAT;PAL;3;0,00
30;100652;Yuri Alberto;ATA;COR;3;0,00
30;40990;Dorival Júnior;TEC;SAO;2;5,51
30;91101;Ronaldo;GOL;BAH;2;0,00
30;130525;Pedro Lima;LAT;SAO;2;0,00
30;103056;Gabriel Brazão;GOL;SAN;2;0,00
30;80313;Gilberto;LAT;CAP;2;0,00
30;106708;Igor Formiga;LAT;MIR;2;0,00
30;89840;Calleri;ATA;SAO;2;8,80
30;101727;Matheuzinho;LAT;COR;2;0,00
30;78248;Gustavo Henrique;ZAG;COR;2;0,00
30;71631;Weverton;GOL;GRE;2;0,00
30;117404;Otávio;GOL;CRU;2;0,00
30;113034;Freytes;ZAG;FLU;2;0,00
30;105563;Carlos Vinícius;ATA;GRE;2;0,00
30;71043;Léo Vieira;GOL;BAH;2;0,00
30;37715;Thiago Silva;ZAG;FLU;1;0,00
30;99520;Ziyech;MEI;BOT;1;0,00
30;39148;Hulk;ATA;FLU;1;0,00
30;87228;Guilherme Arana;LAT;FLU;1;0,00
30;87211;Eduardo Baptista;TEC;INT;1;0,00
30;104118;Lucas Arcanjo;GOL;VIT;1;2,90
30;107231;Danilo;MEI;BOT;1;0,00
30;110750;Gustavo Marques;ZAG;RBB;1;0,00
30;87863;Arrascaeta;MEI;FLA;1;0,00
30;72605;Vitor Hugo;ZAG;CAM;1;0,00
30;77510;Fred;MEI;CAM;1;0,00
30;105531;Matheus Bidu;LAT;COR;1;0,00
30;98909;Cuello;ATA;CAM;1;0,00
30;92747;Eduardo Domínguez;TEC;CAM;1;0,00
30;88963;Leonardo Jardim;TEC;FLA;1;0,00
30;81091;Jair;MEI;VAS;1;4,20
30;90309;David;ATA;VAS;1;4,60
30;104075;Sabino;ZAG;SAO;1;6,50
30;107554;Natanael;LAT;CAM;1;0,00
30;103445;Kaio Jorge;ATA;CRU;1;0,00
30;37656;Fábio;GOL;FLU;1;0,00
30;83257;Gabriel;ATA;SAN;1;0,00
30;124912;Jonathan Jesus;ZAG;CRU;1;0,00
30;73992;Rodinei;LAT;SAN;1;0,00
30;91473;Erick Pulgar;MEI;FLA;1;0,00
30;93790;Marlon Freitas;MEI;PAL;1;0,00
30;96591;Renan Lodi;LAT;CAM;1;0,00
30;91772;David Duarte;ZAG;BAH;1;0,00
30;93834;Keiller;GOL;CFC;1;0,00
30;132580;Vinicinho;ATA;RBB;1;0,00
30;101908;Willian Machado;ZAG;MIR;1;0,00
30;95556;Raniele;MEI;COR;1;0,00
30;132071;Serna;ATA;FLU;1;0,00
30;68708;Eduardo;MEI;MIR;1;0,00
30;51413;Walter;GOL;MIR;1;0,00
30;126977;Fernando Seabra;TEC;CFC;1;0,00
30;100987;Nonato;MEI;FLU;1;0,00
30;82628;Tinga;LAT;CFC;1;0,00
30;109401;Erick Pulga;ATA;BAH;1;0,00
30;128431;João Cruz;MEI;CAP;1;0,00
30;106294;Marcos Antônio;MEI;SAO;1;0,00
30;97341;Rogério Ceni;TEC;BAH;1;0,00
30;42500;Fagner;LAT;CRU;1;0,00
30;39850;Vagner Mancini;TEC;RBB;1;0,00
30;145404;Arthur;LAT;PAL;1;0,00
30;112863;Ramón Sosa;ATA;PAL;1;0,00
30;117632;Garro;MEI;COR;1;0,00
30;98280;Bastos;ZAG;OUT;1;0,00
30;99889;Alan Franco;ZAG;OUT;1;0,00
30;87747;Yago Felipe;MEI;CHA;1;0,00
30;88393;Ayrton Lucas;LAT;FLA;1;0,00
30;100848;Luan Cândido;LAT;VIT;1;1,50
30;105647;Maurício;MEI;PAL;1;0,00
30;98672;Savarino;MEI;FLU;1;0,00
30;117910;Breno Bidon;MEI;COR;1;0,00
30;118844;Kaio César;ATA;COR;1;0,00
30;131832;Portilla;MEI;CAP;1;0,00
30;72391;Fernando Diniz;TEC;OUT;1;0,00
30;68872;Marcelo Lomba;GOL;PAL;1;0,00
30;69012;Santos;GOL;CAP;1;0,00
30;72493;Alex Telles;LAT;BOT;1;0,00
